id,marital,agewed,sibs,childs,age,educ,degree,sex,race,relig,tvhours,sexfreq,partners,sei
1,3,20,3,1,43,11,1,1,1,2,4,1,1,36.1
2,2,0,2,0,44,16,3,1,2,4,5,3,2,63.5
3,3,25,2,0,43,16,3,2,1,2,2,2,1,69.2
4,2,0,4,0,45,15,1,2,1,1,4,1,0,31.4
5,2,0,1,0,78,17,4,2,1,1,1,5,2,75.2
6,1,25,2,2,83,11,1,1,1,3,4,2,1,53.9
7,1,22,2,2,55,12,1,2,1,3,3,1,1,38.4
8,1,24,3,2,75,12,1,1,1,3,3,1,1,45.8
9,3,22,1,2,31,18,4,1,1,2,1,5,2,64.1
10,2,0,1,0,54,18,4,2,1,2,1,4,0,80.9
11,2,0,1,0,29,18,4,2,1,4,2,2,4,82.7
12,2,0,0,0,23,15,1,2,1,1,4,2,1,26.4
13,1,31,0,1,61,12,1,2,1,1,3,1,0,63.2
14,4,24,3,4,63,4,0,2,3,2,6,1,0,0.0
15,2,0,4,3,33,10,0,2,3,2,4,1,1,31.4
16,2,0,0,1,36,14,1,2,2,1,2,2,1,31.1
17,2,0,2,4,39,8,0,2,2,2,5,1,0,0.0
18,1,22,9,0,55,15,1,1,3,2,2,2,1,64.8
19,1,32,1,1,55,16,3,2,1,2,2,3,1,38.4
20,1,24,2,2,34,16,3,1,1,2,4,2,1,45.7
21,1,24,5,2,36,14,2,2,1,2,1,4,1,73.2
22,1,23,0,3,44,18,3,2,1,2,2,1,1,64.4
23,2,25,2,2,80,18,4,1,1,3,3,4,0,80.3
24,2,0,5,1,32,16,3,1,3,2,3,1,1,63.5
25,1,32,7,4,37,5,0,1,3,2,2,2,0,27.5
26,1,40,5,0,49,16,3,2,3,2,3,2,1,39.0
27,3,16,6,2,45,16,3,2,3,2,2,2,1,67.0
28,2,0,2,0,36,18,3,2,1,1,2,2,1,50.7
29,2,0,5,0,23,16,1,2,2,1,1,3,3,36.7
30,2,0,1,0,29,16,4,1,1,1,3,3,1,92.3
31,2,0,3,1,30,14,2,2,2,1,2,1,1,51.9
32,2,0,8,1,40,16,3,2,2,2,2,2,1,50.5
33,2,0,8,2,26,11,0,2,1,1,1,2,1,36.5
34,1,21,3,4,66,12,1,1,1,4,3,1,1,32.7
35,1,22,11,1,53,14,1,2,3,2,2,3,1,38.0
36,1,19,2,0,20,12,1,2,3,2,3,2,1,80.9
37,3,24,4,2,63,12,1,2,1,2,4,1,0,37.3
38,1,28,7,3,41,6,0,1,3,2,2,5,1,30.0
39,3,19,3,1,33,14,1,2,1,1,1,4,0,51.0
40,1,24,4,2,34,12,1,1,3,2,3,2,0,63.5
41,1,20,5,4,61,16,3,2,3,2,1,4,0,29.3
42,1,26,2,0,29,18,4,2,1,2,2,2,0,74.6
43,2,0,4,0,45,13,1,2,1,2,4,1,2,64.2
44,2,0,2,0,31,14,1,1,1,1,2,1,5,76.4
45,1,26,1,1,28,18,4,1,1,2,1,4,1,67.0
46,3,21,2,0,34,18,4,2,1,1,2,4,4,63.2
47,3,21,2,2,45,13,1,2,1,4,1,2,1,43.7
48,3,21,0,0,35,16,3,2,1,1,2,3,0,63.5
49,2,0,1,0,48,16,3,1,1,4,1,4,1,81.0
50,3,17,21,8,39,19,4,1,2,1,2,2,2,63.5
51,2,0,3,0,20,13,1,1,2,1,3,2,0,0.0
52,1,19,6,3,27,15,1,2,2,1,2,4,1,38.4
53,2,0,1,0,36,12,1,1,1,1,3,2,0,28.4
54,1,24,6,2,78,15,3,1,1,2,1,3,0,45.9
55,2,0,2,0,42,12,1,2,3,2,2,2,0,36.1
56,1,19,2,3,31,16,3,2,1,1,1,5,1,29.3
57,2,0,8,0,44,16,3,2,3,2,3,2,0,38.0
58,1,24,5,3,39,12,1,1,1,2,2,4,1,28.4
59,2,0,3,1,19,11,0,2,1,4,10,1,1,0.0
60,1,24,3,1,37,12,1,2,1,2,6,2,1,38.0
61,1,21,3,2,48,16,3,2,1,1,1,4,1,78.5
62,1,18,4,2,39,15,1,2,1,2,1,2,1,45.4
63,1,22,3,2,45,14,1,1,2,1,3,2,1,45.8
64,1,23,1,3,46,20,4,1,1,1,1,4,1,92.3
65,2,0,1,0,23,16,3,2,1,2,1,3,1,60.4
66,1,22,1,2,37,16,3,2,1,2,2,2,2,64.2
67,2,0,3,0,27,13,1,1,1,2,3,1,1,48.9
68,2,0,3,0,23,16,3,2,1,2,1,3,2,34.8
69,1,22,2,2,31,16,3,1,1,1,1,2,0,81.0
70,1,24,2,2,30,14,2,2,1,1,2,2,1,39.6
71,1,22,3,3,77,16,3,1,1,1,4,2,1,87.9
72,1,23,2,3,41,13,1,1,2,1,8,2,1,51.0
73,2,35,3,0,70,12,0,2,2,1,4,2,0,29.3
74,2,25,5,1,81,8,0,1,2,1,1,2,0,0.0
75,1,25,8,3,41,12,1,1,2,2,10,2,0,44.4
76,3,17,9,4,41,12,1,2,2,1,5,2,1,0.0
77,2,20,9,5,69,12,0,2,2,1,2,1,0,21.2
78,2,0,2,2,41,12,1,2,2,1,5,3,1,26.7
79,1,30,1,1,32,9,0,2,3,2,2,4,0,22.7
80,1,22,1,1,29,14,2,2,2,1,1,4,1,63.2
81,2,0,2,2,51,13,1,2,2,2,2,2,0,38.0
82,1,22,0,0,35,16,3,1,1,4,3,2,1,63.5
83,1,25,3,1,36,14,1,1,1,2,4,2,1,31.5
84,1,27,2,2,41,12,1,1,1,1,4,1,1,36.5
85,2,0,1,0,62,18,3,2,1,1,2,2,0,78.5
86,1,21,1,2,44,12,1,1,1,1,2,3,1,53.3
87,1,22,5,7,64,12,1,2,1,1,4,2,1,30.7
88,1,30,3,9,49,15,1,1,1,1,1,2,1,48.9
89,2,0,4,0,62,12,1,2,1,2,1,2,0,38.4
90,1,21,1,4,62,18,4,2,1,2,1,3,1,80.3
91,1,29,2,1,49,13,1,2,1,2,2,3,1,33.1
92,3,22,2,2,49,15,2,2,1,2,3,1,0,36.1
93,1,26,1,2,45,18,4,1,1,1,2,2,1,76.4
94,2,30,0,1,75,16,3,1,1,2,3,1,0,76.4
95,1,23,8,5,75,16,3,1,1,2,4,2,0,76.4
96,2,0,3,0,18,11,0,1,3,4,1,2,2,59.9
97,2,0,3,0,31,16,3,1,1,2,2,4,1,50.7
98,2,0,3,0,27,11,0,2,1,1,5,3,1,30.8
99,1,20,2,2,45,15,1,1,1,1,1,2,3,63.5
100,1,24,2,0,27,16,3,1,1,1,1,4,1,97.2
101,2,0,2,0,28,13,1,1,1,4,4,2,1,62.0
102,1,20,7,5,52,14,1,1,1,1,1,3,1,78.0
103,1,25,9,5,69,7,0,1,1,1,6,1,2,29.2
104,1,27,5,0,43,12,1,1,1,2,3,2,1,32.7
105,1,24,1,0,28,16,3,1,1,2,1,4,2,50.7
106,1,18,4,2,52,14,2,2,1,2,6,2,1,67.0
107,1,20,3,3,37,17,3,2,1,2,4,3,1,73.2
108,1,19,4,2,36,12,1,2,1,1,2,1,1,21.2
109,1,19,6,0,24,12,1,2,1,4,2,2,1,36.5
110,1,37,2,2,51,19,4,1,1,4,1,3,1,92.3
111,1,20,8,3,57,17,3,1,1,1,1,3,1,86.7
112,1,34,3,3,72,16,3,1,1,2,2,2,1,66.1
113,1,28,1,3,45,18,4,2,1,2,1,3,1,35.4
114,1,25,2,2,32,18,4,1,1,2,1,3,1,63.5
115,2,17,10,1,63,9,1,2,2,1,16,1,1,25.4
116,2,0,5,0,50,15,2,1,2,1,1,2,0,33.1
117,2,19,1,2,71,7,0,2,2,1,4,1,0,22.5
118,2,30,11,1,59,16,1,1,3,4,3,2,1,60.5
119,2,0,3,0,30,16,3,1,1,2,3,1,0,0.0
120,1,26,3,2,37,12,1,2,1,1,8,1,1,36.5
121,1,18,19,8,54,8,0,2,1,1,7,1,1,29.1
122,1,18,0,2,43,6,0,1,1,1,1,4,1,31.5
123,1,19,7,5,62,12,1,2,2,1,2,4,0,23.3
124,1,18,0,4,60,14,1,2,2,1,1,4,1,69.7
125,1,19,0,5,60,13,1,1,2,2,2,3,1,63.5
126,1,28,1,2,46,16,3,2,2,1,2,3,1,64.2
127,3,18,10,2,30,12,1,2,1,1,8,1,1,50.7
128,1,26,1,0,27,15,1,1,1,1,3,2,1,53.7
129,3,19,1,2,45,12,1,2,1,1,3,1,1,34.3
130,1,21,2,4,51,16,3,1,1,1,3,4,1,76.4
131,1,28,1,0,38,16,3,1,1,1,2,2,1,76.4
132,1,27,1,1,44,20,4,1,3,1,2,5,5,85.1
133,1,29,3,2,40,18,4,1,1,1,1,3,1,86.7
134,1,19,3,1,51,12,1,1,1,1,2,2,1,31.3
135,1,19,2,2,40,14,1,2,1,1,1,4,1,38.4
136,1,29,3,1,34,14,1,2,1,1,5,1,1,36.5
137,2,17,0,3,54,12,1,2,1,1,4,3,1,63.5
138,1,21,5,2,59,20,4,1,1,1,1,2,1,65.8
139,2,0,6,0,36,12,1,1,1,2,1,2,1,81.0
140,1,30,5,1,35,14,1,1,1,1,2,3,2,54.7
141,1,19,4,4,30,14,1,2,1,1,1,2,1,52.5
142,1,20,2,1,34,16,3,2,1,2,2,2,1,76.5
143,1,22,6,1,32,12,1,1,1,2,2,3,1,64.1
144,2,20,4,8,73,12,1,2,1,1,2,2,0,0.0
145,1,25,1,3,66,16,3,1,1,1,2,3,1,47.6
146,2,0,5,0,33,16,3,2,1,2,1,3,1,64.1
147,1,32,1,1,38,17,3,2,1,1,2,2,1,73.7
148,1,27,1,2,49,20,4,2,1,4,2,4,1,31.2
149,2,0,2,0,56,18,4,1,1,1,1,5,0,78.5
150,1,31,1,2,55,20,4,1,1,3,0,4,1,97.2
151,1,36,4,0,61,20,4,2,1,2,2,5,1,64.1
152,2,0,5,0,34,16,3,1,1,2,1,4,1,50.7
153,2,0,3,0,43,17,3,2,1,2,1,3,1,53.5
154,1,25,4,0,48,16,4,1,2,1,2,2,1,92.3
155,4,31,4,2,43,16,3,2,1,2,2,1,1,50.7
156,1,25,1,2,65,15,1,1,1,2,1,5,1,64.1
157,4,26,4,2,35,12,0,1,1,2,1,2,5,29.2
158,2,31,0,0,82,15,1,2,1,1,2,4,0,73.2
159,1,22,2,5,62,12,1,2,1,2,3,4,0,29.8
160,2,21,3,2,59,12,1,2,1,2,1,3,0,63.5
161,3,24,3,0,38,12,1,1,1,2,1,4,1,63.5
162,1,22,4,2,43,15,1,2,1,1,2,4,1,73.2
163,1,26,3,1,31,12,1,1,1,2,2,2,1,32.3
164,1,29,2,0,30,14,1,2,1,2,2,4,1,53.1
165,2,0,1,0,40,16,3,1,1,3,4,3,4,81.0
166,2,0,2,0,27,17,3,1,1,2,0,3,3,65.8
167,3,38,2,0,52,16,3,1,1,1,1,5,0,53.7
168,1,29,4,0,32,12,1,2,1,4,2,5,1,38.0
169,1,21,3,5,70,15,1,1,1,1,3,4,1,83.7
170,1,20,2,3,55,13,1,2,1,1,1,3,1,51.9
171,1,20,3,3,53,16,3,2,1,1,1,2,1,78.5
172,3,18,3,3,35,12,1,2,1,1,2,3,4,53.7
173,2,26,6,1,2,20,4,2,1,1,1,4,0,69.2
174,2,16,4,6,79,8,0,2,1,1,2,2,0,0.0
175,2,16,10,5,72,8,0,2,1,1,6,1,0,22.5
176,2,23,6,2,81,6,0,2,1,2,4,1,0,0.0
177,2,20,5,2,76,14,0,2,1,2,5,9,0,29.2
178,1,23,4,1,30,16,2,1,1,2,1,2,1,44.7
179,1,21,2,2,45,12,1,2,1,1,10,1,1,31.4
180,3,22,3,1,34,12,1,1,1,1,4,1,2,38.5
181,1,29,4,2,71,12,1,1,1,1,3,2,1,53.3
182,1,21,3,0,43,16,3,2,1,1,1,1,1,52.3
183,1,29,5,2,37,19,4,1,1,3,1,2,1,86.0
184,2,30,10,4,80,12,1,2,1,2,2,2,0,33.1
185,1,18,0,1,75,12,1,2,1,1,3,2,0,51.9
186,1,25,2,6,67,14,1,1,1,1,3,1,1,87.9
187,1,18,5,2,42,12,1,2,3,1,6,3,1,35.4
188,2,26,6,2,76,12,1,2,1,1,2,2,0,0.0
189,1,54,10,0,67,16,4,2,1,1,3,4,1,85.1
190,2,0,1,0,55,12,1,2,1,2,0,4,0,86.9
191,2,32,12,2,66,20,4,1,2,1,2,2,2,63.2
192,1,25,0,2,69,16,3,1,1,3,2,3,5,75.9
193,3,21,7,5,57,14,2,2,2,1,5,1,1,83.7
194,1,35,0,3,57,18,4,2,1,2,1,2,0,73.2
195,2,32,8,2,85,11,0,2,1,1,5,4,0,63.5
196,3,22,7,8,74,14,2,2,1,1,4,3,1,50.5
197,2,0,1,0,36,17,3,1,2,4,2,4,3,51.8
198,1,29,3,0,32,18,4,2,1,2,1,2,1,76.4
199,1,21,4,1,30,14,1,2,1,2,1,2,1,53.3
200,1,20,1,2,59,13,1,2,1,1,2,2,1,38.4
201,1,23,3,5,39,17,3,1,1,2,5,4,1,67.0
202,3,31,3,2,51,13,1,2,1,1,1,3,0,58.3
203,2,18,5,5,73,10,0,2,1,1,8,1,0,46.1
204,1,17,11,0,47,6,0,1,1,1,2,3,1,43.2
205,1,26,2,2,53,18,4,1,1,1,2,2,1,85.1
206,1,18,4,4,41,13,1,2,1,1,1,3,1,64.2
207,3,20,4,1,38,11,0,1,1,1,4,2,3,28.6
208,1,18,4,2,54,12,1,2,1,1,4,2,1,69.7
209,1,22,2,2,58,17,4,1,1,1,3,2,1,78.5
210,1,26,0,0,33,15,1,2,2,1,7,1,1,22.7
211,2,16,7,0,71,6,0,2,2,2,4,1,0,29.3
212,1,26,7,5,59,12,1,2,2,1,1,2,1,63.5
213,1,27,3,0,33,14,1,2,1,1,4,1,1,44.3
214,1,26,2,3,50,12,1,1,1,2,3,1,1,83.7
215,1,27,1,2,51,14,1,2,1,2,2,1,1,63.5
216,1,20,0,2,60,12,1,2,1,3,3,1,1,76.4
217,1,22,3,6,69,12,1,2,1,2,4,2,1,34.6
218,1,30,5,3,41,17,3,2,3,2,1,2,1,43.7
219,2,0,8,0,57,12,1,1,1,2,4,2,4,31.4
220,2,25,6,5,77,10,0,2,3,2,5,1,0,0.0
221,1,22,1,3,50,12,1,2,1,2,1,4,1,38.4
222,1,25,5,2,41,12,1,2,3,2,3,3,1,63.5
223,2,26,2,2,50,16,3,2,1,3,2,4,2,64.2
224,1,20,3,3,53,13,1,2,1,3,5,2,1,40.1
225,1,28,3,1,34,16,3,1,1,4,1,2,1,63.5
226,1,18,3,2,47,12,1,2,1,2,2,3,1,63.5
227,1,18,2,2,45,14,2,2,1,1,1,3,1,73.2
228,1,20,4,3,35,19,4,1,1,1,2,4,1,63.5
229,1,29,6,3,72,8,0,1,1,2,2,4,0,37.3
230,1,24,5,5,37,14,2,1,1,2,2,2,1,44.7
231,4,27,5,2,41,17,3,2,1,4,0,4,1,38.9
232,2,0,3,0,27,14,1,2,1,2,2,2,1,63.5
233,2,0,0,0,27,16,3,2,1,2,3,2,1,78.5
234,1,25,4,0,50,14,2,1,1,1,1,3,1,63.5
235,1,27,2,0,28,16,3,1,1,1,3,2,1,67.0
236,1,29,2,0,31,16,3,1,1,4,4,2,1,50.7
237,2,0,1,0,51,12,1,1,1,2,3,4,4,37.8
238,2,0,0,3,25,9,0,2,2,2,4,2,3,21.2
239,1,21,5,4,41,11,0,1,3,2,5,1,0,32.3
240,2,0,9,0,26,15,1,1,3,4,6,1,0,26.7
241,2,0,8,0,20,12,1,2,2,1,4,1,0,0.0
242,2,0,2,1,21,12,1,2,3,4,4,2,0,0.0
243,1,26,2,3,43,16,3,1,1,1,1,2,1,64.1
244,1,33,5,2,44,16,3,1,1,1,2,2,1,64.1
245,1,30,3,2,43,15,1,2,1,2,1,2,0,80.9
246,1,22,7,2,39,15,1,1,1,1,1,4,1,48.5
247,1,23,2,3,54,16,3,2,1,2,2,1,1,64.8
248,3,24,3,2,47,14,1,2,1,1,1,4,0,38.5
249,1,20,2,2,77,15,1,2,1,2,3,2,1,75.2
250,1,28,2,2,47,18,4,2,1,2,6,3,0,80.9
251,2,0,4,4,27,9,0,2,2,1,5,3,1,0.0
252,1,25,6,3,39,10,0,1,2,1,1,2,1,28.4
253,3,17,3,4,54,12,1,2,1,2,1,1,0,30.7
254,3,30,9,1,44,12,1,2,1,2,2,4,2,32.4
255,2,0,5,2,27,14,1,2,1,1,4,1,1,26.4
256,3,16,3,2,37,12,1,2,3,2,1,2,1,38.4
257,4,18,10,5,52,9,0,2,1,1,2,4,1,32.0
258,1,21,2,2,76,10,0,2,1,1,3,2,1,38.9
259,3,20,1,3,54,12,1,2,1,2,2,1,1,54.7
260,1,24,0,3,65,13,1,1,1,2,4,3,1,33.1
261,1,25,3,1,71,14,1,2,1,2,10,1,1,0.0
262,1,20,13,2,49,8,0,2,1,2,1,1,1,26.4
263,1,22,9,1,24,12,1,2,2,1,3,2,1,50.7
264,1,25,4,2,43,13,1,1,1,1,3,1,1,36.5
265,1,20,8,2,41,15,1,1,2,1,1,3,1,53.1
266,3,18,16,2,41,12,1,2,2,1,4,2,2,29.3
267,1,19,3,2,46,12,1,2,2,1,3,2,1,54.7
268,1,25,3,5,65,12,1,2,1,2,2,2,1,33.3
269,2,0,2,0,33,16,3,1,1,1,3,2,4,50.7
270,4,23,2,0,33,14,2,2,1,1,1,4,2,51.8
271,1,21,4,3,45,12,1,2,1,1,2,2,1,38.4
272,2,0,1,0,25,18,3,2,3,2,1,3,0,0.0
273,2,0,5,0,24,16,3,1,1,2,2,2,1,35.4
274,1,23,2,2,45,12,1,1,1,2,3,1,1,31.5
275,1,21,1,3,65,12,1,2,1,2,5,1,0,37.7
276,2,0,1,0,44,12,1,1,1,2,5,4,1,31.4
277,1,20,4,0,30,12,1,2,1,1,6,2,1,33.6
278,1,36,8,1,72,8,0,1,1,2,4,1,0,31.9
279,3,19,5,2,46,12,1,2,1,1,2,2,2,45.4
280,1,19,2,4,64,13,1,2,1,1,2,2,0,60.6
281,3,35,4,3,75,12,1,1,1,1,1,5,1,44.7
282,2,0,1,0,71,16,3,1,1,1,2,2,0,83.2
283,1,26,0,1,41,20,4,2,1,1,0,4,1,97.2
284,1,22,0,0,69,12,1,2,1,2,3,4,0,50.7
285,1,23,0,1,37,18,4,1,1,4,1,3,1,86.5
286,1,20,3,2,36,14,2,2,1,4,1,1,1,33.1
287,1,23,6,2,39,16,3,2,1,1,2,3,1,63.5
288,1,26,3,2,52,17,3,1,1,3,3,3,1,64.1
289,1,21,5,2,44,14,2,1,1,1,4,3,1,63.2
290,2,0,1,0,21,13,1,1,1,1,5,2,0,0.0
291,1,21,2,3,42,12,1,2,1,1,2,2,1,37.7
292,1,30,3,1,35,19,4,2,1,2,3,1,1,92.3
293,1,23,1,0,26,13,1,1,1,1,3,2,1,45.3
294,1,20,8,2,48,12,1,2,1,1,3,2,1,31.4
295,2,20,7,0,68,13,1,2,1,1,8,2,0,63.5
296,1,24,4,2,26,12,1,1,1,2,2,4,1,28.2
297,3,18,7,2,36,12,1,1,1,4,4,2,3,32.3
298,3,18,3,4,55,12,1,2,1,4,20,4,0,0.0
299,1,40,1,0,41,14,1,1,1,1,1,3,1,33.6
300,3,23,2,2,43,12,1,1,1,2,3,2,3,47.6
301,2,20,3,4,66,12,1,2,1,1,5,2,0,32.0
302,1,23,12,2,29,16,3,2,1,2,1,3,1,76.4
303,3,23,0,1,41,16,3,2,1,2,2,2,1,65.8
304,2,0,3,0,19,11,0,2,1,2,1,4,1,33.1
305,1,28,6,4,47,18,4,1,1,2,1,3,1,87.9
306,3,18,3,4,49,13,1,1,1,1,3,3,4,63.2
307,1,18,7,4,58,12,1,1,1,1,2,3,1,63.5
308,2,0,5,0,19,12,1,2,1,1,1,3,1,36.7
309,1,24,5,2,35,12,1,1,1,4,3,1,1,50.2
310,1,26,5,0,30,12,1,2,1,1,0,3,1,29.3
311,1,20,5,2,42,15,2,1,1,1,2,3,1,37.9
312,3,20,0,4,54,12,1,2,1,1,4,2,0,65.2
313,1,22,3,2,43,12,1,2,1,1,10,1,1,22.7
314,1,19,3,2,33,16,3,2,1,1,3,2,1,78.5
315,2,0,4,0,21,12,1,1,1,1,6,5,0,26.5
316,1,19,2,1,26,12,1,1,1,1,3,1,1,50.7
317,1,20,6,2,42,12,1,1,1,1,2,5,1,50.7
318,1,26,2,2,34,17,3,1,1,1,1,4,1,78.5
319,3,19,2,0,25,15,1,2,1,1,1,4,3,37.3
320,1,18,2,2,43,11,0,1,1,2,4,2,1,28.2
321,1,26,1,6,65,14,2,1,1,4,0,5,0,44.7
322,2,0,2,0,20,12,1,1,1,2,0,3,1,27.5
323,2,0,1,0,22,15,1,2,1,4,0,4,5,39.4
324,2,0,1,0,23,15,1,2,1,2,5,1,0,0.0
325,2,0,4,0,22,15,2,2,1,1,1,2,0,32.4
326,2,0,2,0,22,15,1,1,1,2,3,2,2,28.4
327,2,0,3,0,20,13,1,2,1,1,2,3,0,0.0
328,1,24,3,2,41,13,1,1,1,2,2,3,1,36.5
329,1,19,0,0,21,11,0,2,1,1,4,2,1,38.4
330,1,22,3,3,33,12,1,1,1,2,3,2,1,63.5
331,2,24,9,3,87,12,1,2,1,1,2,4,0,30.7
332,3,27,2,1,77,12,1,2,1,1,2,2,0,28.0
333,1,21,3,2,40,12,0,1,1,1,5,2,1,31.5
334,2,0,5,0,25,16,3,1,1,1,1,3,0,31.4
335,1,21,0,3,51,12,1,1,1,1,1,4,1,83.9
336,1,20,3,4,32,13,1,2,1,1,3,2,1,21.2
337,1,26,2,0,30,14,1,2,1,1,5,2,1,25.3
338,2,42,9,0,86,8,0,1,1,2,4,4,0,29.2
339,1,17,3,3,40,16,1,2,1,1,2,3,1,29.3
340,1,21,8,2,40,12,1,2,2,1,3,3,1,32.0
341,1,19,2,2,46,12,1,1,1,1,1,2,2,29.2
342,1,24,10,4,70,13,1,2,1,1,3,3,1,26.4
343,1,20,3,2,32,12,1,1,1,4,4,2,1,48.9
344,1,19,4,3,37,12,1,1,1,1,3,3,1,29.2
345,2,0,13,0,53,12,1,1,1,1,1,4,0,28.6
346,1,24,4,1,32,12,1,2,2,1,12,2,1,33.1
347,1,19,1,3,52,6,0,1,1,1,4,1,1,33.1
348,3,21,3,3,43,12,1,2,1,1,4,1,2,38.9
349,2,0,4,1,25,12,1,1,2,1,2,2,0,60.5
350,1,23,3,3,46,12,1,1,1,1,4,1,1,32.3
351,1,23,7,4,66,14,1,2,1,2,5,2,0,85.1
352,3,24,7,3,42,12,1,1,1,2,2,2,0,33.1
353,3,19,1,2,38,11,1,1,3,2,2,4,1,42.5
354,1,21,0,0,23,14,1,1,1,1,2,2,1,37.3
355,1,19,1,2,35,12,1,2,1,1,3,1,1,38.4
356,1,35,1,1,62,14,1,1,1,1,1,2,1,62.1
357,2,0,2,0,19,11,0,1,1,2,3,1,4,0.0
358,2,0,2,0,19,11,0,2,1,1,2,1,0,0.0
359,1,16,3,4,58,14,2,2,1,1,3,2,1,38.4
360,1,26,1,1,59,16,3,2,1,1,1,1,1,73.2
361,1,20,10,1,68,9,0,2,1,1,6,1,0,29.3
362,2,0,5,0,47,13,1,1,1,1,4,4,2,74.4
363,2,0,3,0,19,11,0,1,2,1,3,2,3,0.0
364,1,30,1,2,35,11,0,1,2,1,3,1,1,38.1
365,3,18,3,4,44,12,1,2,2,1,3,3,0,26.4
366,3,16,2,2,41,11,1,2,1,1,2,2,1,29.4
367,1,28,7,2,38,14,2,2,2,1,2,2,1,63.5
368,1,23,8,2,36,18,4,2,2,1,1,2,1,63.5
369,1,27,0,2,43,13,1,1,2,2,5,2,2,50.7
370,4,22,6,2,35,12,0,2,2,2,1,4,0,22.9
371,2,0,13,0,25,12,0,1,2,2,3,2,2,39.4
372,2,0,6,2,25,14,1,1,2,4,2,3,3,39.4
373,2,22,2,1,73,14,1,1,1,1,2,2,1,63.5
374,1,24,3,2,36,16,3,1,1,4,1,2,1,59.0
375,1,22,2,2,35,13,1,1,1,2,1,2,1,48.9
376,1,20,0,2,67,12,1,2,1,2,10,2,0,38.4
377,3,21,3,4,51,13,1,2,1,2,0,5,1,38.4
378,3,20,3,2,58,12,1,2,1,2,4,1,0,38.4
379,1,27,1,1,40,12,1,2,1,2,5,1,0,53.3
380,3,29,3,0,68,13,0,1,1,2,2,5,0,32.1
381,2,0,5,1,19,8,0,2,2,4,4,3,1,0.0
382,1,25,4,2,52,12,1,1,2,1,2,2,1,32.0
383,1,24,2,3,53,13,1,2,1,1,2,3,2,36.9
384,1,19,0,3,63,14,2,2,1,1,2,5,1,62.5
385,2,29,5,2,75,16,3,2,1,1,2,2,0,63.5
386,3,29,5,3,38,12,1,2,1,1,2,2,1,29.8
387,3,25,2,1,38,14,2,2,1,1,1,2,2,73.2
388,3,20,4,1,49,16,3,1,1,2,1,3,0,37.0
389,1,19,3,2,50,14,2,2,1,2,4,1,1,33.1
390,2,19,5,0,78,14,1,2,1,1,8,2,0,34.6
391,1,18,9,3,57,8,0,1,2,1,3,2,1,31.5
392,2,20,10,2,69,12,1,2,2,1,4,4,0,27.5
393,1,21,2,0,68,12,1,2,1,2,4,2,1,33.1
394,1,29,4,2,58,12,1,1,1,1,4,1,0,50.7
395,1,20,3,2,45,13,1,2,1,1,1,4,1,38.4
396,2,0,1,0,20,12,1,1,1,1,2,1,0,31.5
397,1,31,8,0,78,9,0,1,1,1,5,1,0,49.3
398,2,26,1,3,52,14,2,1,1,1,1,4,0,30.0
399,1,30,6,1,39,14,2,1,1,1,2,3,1,33.1
400,2,32,0,3,81,12,1,2,1,2,6,4,0,0.0
401,3,18,7,1,36,12,1,2,3,2,2,4,1,22.5
402,1,26,19,7,51,0,0,2,3,2,0,5,1,29.3
403,2,20,5,1,78,18,3,2,1,1,2,3,0,78.5
404,1,18,4,2,25,12,1,2,3,2,0,4,1,32.0
405,1,22,2,4,36,19,4,1,1,1,2,3,1,92.3
406,1,22,5,1,33,16,3,2,1,2,3,1,1,57.1
407,1,21,6,2,51,12,1,1,1,1,3,5,1,34.2
408,1,20,3,2,47,14,2,2,1,1,2,2,2,39.4
409,2,0,1,0,21,13,1,2,1,1,1,4,0,53.3
410,1,31,4,2,59,12,1,2,1,1,0,4,1,62.2
411,1,18,4,1,23,11,0,2,1,1,4,4,1,32.4
412,1,23,10,2,76,7,0,1,1,1,3,4,0,36.5
413,1,19,2,2,40,12,1,2,1,1,1,3,1,37.4
414,1,16,9,4,38,12,1,2,1,1,5,3,1,32.4
415,2,18,11,2,66,12,1,2,1,1,8,1,0,29.2
416,2,23,9,2,73,7,0,2,1,1,5,1,0,26.7
417,2,0,9,0,80,8,0,1,1,1,4,2,0,48.5
418,3,16,3,1,57,6,0,2,1,1,4,1,0,32.4
419,2,38,0,0,78,11,0,2,1,1,7,1,0,26.4
420,2,0,6,0,66,12,1,2,1,1,4,3,0,17.1
421,2,25,2,2,88,12,1,1,1,1,5,8,0,48.9
422,1,21,4,5,58,12,1,2,1,1,5,5,1,38.9
423,2,0,3,0,39,12,1,1,1,1,3,2,1,40.9
424,3,18,2,0,31,12,1,2,1,1,2,4,4,64.4
425,1,22,1,3,51,16,3,2,1,1,3,2,1,53.3
426,1,22,2,3,37,17,3,1,1,1,1,3,1,50.7
427,1,18,2,2,32,12,1,2,1,1,1,2,1,56.6
428,2,22,3,1,73,8,0,2,1,1,6,1,2,22.5
429,1,22,1,2,47,16,3,1,1,1,1,3,1,63.5
430,2,27,2,4,71,16,3,2,1,2,4,1,0,80.3
431,3,24,2,0,42,14,2,1,1,1,2,2,1,64.8
432,2,18,0,3,75,12,1,2,1,1,4,2,0,53.7
433,3,20,5,4,72,10,0,2,1,1,6,2,0,17.1
434,1,22,2,3,63,16,3,2,1,1,1,3,1,36.1
435,2,24,1,4,89,8,0,2,1,1,0,3,0,27.5
436,1,30,10,3,49,4,0,1,1,4,3,5,1,0.0
437,1,20,1,1,64,12,1,1,1,1,2,2,0,49.6
438,1,21,2,2,64,12,1,2,1,1,1,4,1,29.4
439,1,25,1,0,46,12,1,1,1,4,5,5,0,50.7
440,2,17,4,8,76,8,0,2,1,1,10,5,0,32.4
441,1,21,7,3,72,12,1,2,1,1,4,2,0,43.7
442,2,27,2,1,77,13,1,2,1,1,2,2,0,38.4
443,1,20,2,0,27,14,2,2,1,1,3,2,1,65.8
444,1,18,2,2,21,9,1,2,1,1,2,1,1,48.9
445,2,0,3,0,32,20,3,2,3,1,2,2,1,62.2
446,1,24,3,3,40,20,4,1,1,4,1,3,1,62.5
447,3,22,6,2,45,17,3,2,1,1,3,2,0,62.5
448,1,24,2,0,26,12,1,2,3,1,3,1,1,38.0
449,2,19,2,2,84,16,1,2,1,1,3,2,0,69.2
450,2,0,1,0,46,20,4,2,1,1,1,5,1,80.9
451,2,0,1,0,32,18,4,2,1,1,4,2,1,63.5
452,2,0,1,0,36,16,3,1,1,4,2,3,0,60.3
453,2,0,4,0,21,14,1,2,1,1,1,2,2,0.0
454,2,0,11,0,30,14,1,2,1,2,5,1,1,33.3
455,2,0,1,0,23,16,1,2,1,4,1,2,2,60.6
456,3,16,8,6,51,12,1,2,1,1,3,3,0,28.4
457,1,37,4,1,40,19,4,1,1,3,2,1,1,92.3
458,1,23,0,3,51,16,3,1,1,1,1,4,1,63.5
459,1,18,6,2,54,16,3,2,1,1,1,4,1,59.0
460,1,28,2,1,61,12,1,2,1,2,6,3,1,62.5
461,1,25,5,0,27,16,3,1,3,2,3,4,1,62.1
462,2,32,2,0,55,6,0,2,1,2,22,5,0,33.1
463,1,31,2,6,33,2,1,1,2,1,2,2,1,33.6
464,1,21,6,1,61,8,0,2,1,1,5,1,1,21.2
465,3,18,4,2,38,12,1,2,1,1,2,1,4,38.9
466,1,20,2,3,36,12,1,2,1,2,4,1,1,33.1
467,3,20,2,2,50,12,1,2,1,1,5,1,0,22.5
468,3,17,13,4,67,4,0,2,1,1,4,1,0,32.0
469,2,22,3,2,81,13,1,2,1,1,1,4,0,38.4
470,1,21,1,3,63,17,3,1,1,1,2,3,1,65.8
471,1,28,2,2,43,18,4,2,1,4,1,3,1,64.4
472,1,26,4,3,47,13,1,1,1,1,3,2,1,31.5
473,3,21,1,1,44,14,2,2,1,1,1,3,1,51.9
474,2,0,7,0,28,2,1,1,1,2,4,1,1,37.6
475,4,19,6,2,32,14,1,2,1,2,2,2,1,76.4
476,2,0,1,0,20,13,1,1,1,4,2,2,0,36.5
477,1,20,0,2,50,12,1,1,1,1,2,2,1,48.9
478,1,23,2,2,31,14,1,2,1,4,1,2,1,38.4
479,2,18,3,4,62,14,1,2,1,1,3,4,0,38.4
480,1,26,3,2,66,10,0,1,1,1,2,2,1,29.3
481,2,0,2,0,29,14,2,1,1,1,1,4,1,76.3
482,3,19,1,2,30,11,1,1,1,4,3,2,2,48.5
483,2,0,3,0,34,15,2,1,2,1,6,3,0,31.4
484,1,17,4,4,63,12,1,2,2,1,2,4,1,29.3
485,1,19,7,7,55,13,1,2,2,1,2,2,1,29.3
486,1,20,3,2,39,11,1,2,2,1,5,4,1,39.6
487,2,0,3,0,36,13,1,1,2,1,5,1,1,27.7
488,2,25,4,2,77,16,3,2,1,1,3,1,0,78.5
489,3,22,1,0,39,12,1,1,1,4,1,5,1,54.2
490,2,0,2,0,28,19,3,2,1,4,1,3,4,22.5
491,2,0,1,0,23,15,1,1,1,4,2,4,5,44.3
492,2,0,2,0,21,14,1,1,1,4,8,1,2,45.3
493,1,23,1,3,63,12,1,1,1,1,6,1,1,62.1
494,1,18,2,1,46,14,1,2,1,1,1,2,1,73.6
495,2,0,4,0,42,20,4,1,1,1,4,5,3,87.9
496,1,26,2,2,39,19,4,2,1,3,1,3,1,64.4
497,3,27,1,5,77,14,1,2,1,1,0,4,0,64.2
498,1,19,2,3,28,13,1,2,1,1,4,2,1,29.2
499,2,34,2,0,87,10,0,1,1,1,3,3,0,31.5
500,1,25,0,2,49,17,3,1,1,2,6,1,1,83.9
501,3,37,5,2,56,18,4,2,3,1,2,4,1,71.5
502,3,21,4,3,28,12,1,1,1,2,2,1,0,38.0
503,1,21,12,3,30,12,1,2,1,4,1,3,1,32.0
504,1,20,9,0,24,12,1,1,1,2,3,2,1,26.7
505,1,32,3,1,37,18,4,2,1,4,1,4,1,69.7
506,2,24,5,3,48,12,1,2,1,2,0,4,1,29.4
507,2,24,2,3,77,13,1,2,1,1,3,3,1,78.5
508,1,20,6,2,73,19,4,2,1,1,1,3,1,78.5
509,2,21,1,3,65,13,1,2,1,1,5,1,0,73.2
510,1,21,1,4,74,12,1,1,1,1,3,3,1,31.4
511,2,0,1,0,22,16,2,2,1,1,1,2,1,50.7
512,2,0,2,0,19,11,0,1,1,1,2,2,0,0.0
513,1,20,6,5,49,15,2,1,1,2,3,3,1,63.5
514,2,18,1,3,74,12,1,2,1,2,2,5,0,17.1
515,2,24,8,0,89,16,1,2,1,1,0,5,0,22.5
516,3,23,3,0,36,9,0,1,1,4,3,4,1,35.4
517,3,19,4,2,35,12,1,1,1,1,1,4,4,31.4
518,3,22,4,1,36,12,1,2,1,4,4,2,1,53.7
519,3,17,3,0,37,13,1,2,1,4,2,3,1,37.7
520,3,23,1,4,53,12,1,2,1,1,4,4,0,32.4
521,3,26,2,4,74,16,1,1,1,4,2,1,0,0.0
522,1,23,1,1,39,16,3,1,1,1,2,2,1,63.5
523,2,21,7,5,89,7,0,2,1,2,8,1,0,0.0
524,2,16,4,0,74,11,0,2,1,1,7,2,0,29.2
525,1,23,3,3,89,12,1,1,1,1,1,5,0,28.2
526,1,26,1,4,72,12,1,1,1,1,2,3,1,63.5
527,1,21,1,2,52,18,3,2,1,1,0,4,1,78.5
528,1,17,3,2,38,13,1,2,1,2,2,1,1,51.9
529,1,22,1,3,52,14,2,1,1,1,3,4,1,49.6
530,1,26,11,2,76,8,0,1,1,1,3,1,1,31.9
531,1,20,4,4,58,13,1,2,1,1,2,5,0,31.2
532,3,20,0,2,43,13,1,1,1,4,3,2,1,31.4
533,2,0,5,0,24,12,1,1,1,4,3,2,2,29.4
534,3,27,1,1,74,11,1,2,1,1,5,5,0,64.4
535,3,18,3,3,56,11,0,2,1,1,3,4,0,38.0
536,2,23,9,0,73,10,0,2,1,1,5,4,0,31.9
537,1,34,3,3,39,16,1,1,1,2,4,2,1,28.6
538,1,22,2,0,87,13,1,1,1,1,3,2,1,38.1
539,1,21,4,1,28,14,2,2,1,2,3,2,1,51.9
540,1,27,3,2,40,15,2,1,1,1,3,2,1,66.3
541,2,0,2,0,24,9,0,1,1,4,10,1,1,53.2
542,1,21,5,3,49,9,0,1,1,1,4,3,1,34.2
543,1,19,2,2,42,12,1,2,1,1,1,4,1,63.2
544,1,21,7,1,64,7,0,1,1,1,2,3,1,29.2
545,1,18,7,5,63,9,0,2,1,2,3,1,0,0.0
546,3,15,6,3,58,7,0,2,1,1,6,1,1,33.9
547,1,23,1,1,59,12,1,2,1,1,3,3,1,29.2
548,1,21,1,1,47,12,1,1,1,1,1,1,1,44.7
549,2,35,0,2,82,12,1,1,1,4,8,2,0,63.2
550,2,24,5,2,87,13,1,1,1,1,2,3,0,74.0
551,3,18,4,1,43,12,1,1,1,2,4,1,0,28.4
552,1,18,9,2,35,12,1,2,1,2,1,4,1,50.7
553,1,22,4,2,35,12,1,1,1,1,2,1,1,50.7
554,2,0,1,0,20,12,1,2,1,2,1,2,1,38.4
555,1,33,4,0,37,14,2,1,1,1,2,3,0,50.7
556,2,0,6,0,24,14,1,2,1,2,1,3,1,33.1
557,1,19,15,4,62,9,0,2,1,2,1,3,1,32.0
558,1,24,1,1,28,16,3,2,1,1,2,2,1,46.7
559,1,23,1,2,51,15,1,2,1,1,1,3,1,73.2
560,1,19,4,2,44,12,1,2,1,1,4,3,1,32.4
561,2,20,1,4,77,15,1,2,1,1,4,5,0,78.5
562,1,24,4,1,44,16,3,1,1,4,1,2,1,47.0
563,2,18,8,3,73,12,1,1,1,1,4,1,0,33.9
564,3,22,2,0,28,16,3,1,1,1,3,1,1,69.2
565,1,28,11,1,51,13,1,1,1,1,4,2,1,63.2
566,1,24,6,2,37,12,1,2,1,1,6,1,1,27.5
567,1,23,10,2,64,11,0,1,1,1,4,2,1,34.2
568,2,18,3,3,74,12,1,2,1,4,4,1,0,0.0
569,1,24,2,4,69,12,1,2,1,1,4,2,1,38.4
570,3,22,8,2,33,11,0,1,1,1,4,2,3,26.4
571,1,24,7,1,56,10,0,2,1,1,3,1,1,50.7
572,3,33,7,2,40,12,1,2,1,1,1,3,1,35.7
573,3,18,8,2,34,10,0,1,1,4,4,1,1,31.4
574,1,24,6,2,47,12,1,1,1,1,3,2,0,31.5
575,2,42,9,5,87,11,0,1,1,1,4,5,0,29.4
576,3,26,4,3,60,10,1,1,1,1,6,1,1,29.2
577,2,18,2,1,70,6,0,2,1,1,6,5,0,29.4
578,1,24,2,2,43,14,1,1,1,1,2,2,1,50.7
579,1,21,4,3,43,16,3,2,1,2,0,5,1,47.8
580,1,20,2,0,21,13,1,2,1,1,5,1,1,38.9
581,2,0,5,0,72,9,0,2,1,1,2,4,0,22.5
582,2,21,7,2,81,13,0,2,1,1,4,2,0,38.4
583,2,19,2,3,82,12,1,2,1,1,6,3,0,30.7
584,2,19,7,8,86,8,0,2,1,1,2,3,0,0.0
585,3,19,6,2,27,13,2,1,1,1,2,4,1,37.3
586,1,20,0,3,77,8,0,2,1,1,5,4,0,0.0
587,1,22,3,6,71,8,0,1,1,1,3,4,1,63.5
588,2,0,4,0,39,16,3,1,1,1,1,4,0,37.3
589,1,21,12,2,45,12,1,1,1,1,1,4,1,29.2
590,1,20,3,3,35,14,1,2,1,1,0,4,1,37.7
591,1,18,3,2,42,14,1,2,1,2,4,1,1,74.4
592,1,33,3,3,65,12,1,1,1,1,1,4,0,31.5
593,2,0,3,0,26,16,3,1,1,1,5,1,0,78.5
594,1,23,12,2,45,12,1,1,1,1,2,4,0,64.1
595,1,19,2,2,46,12,1,2,1,1,2,1,1,33.1
596,3,23,9,2,47,11,1,2,1,1,3,1,1,33.1
597,1,20,1,3,27,10,0,2,1,2,5,2,1,34.3
598,1,23,2,1,30,12,1,1,1,1,2,2,1,64.0
599,2,0,0,0,25,16,2,2,1,1,4,2,0,38.9
600,1,24,2,2,29,16,3,2,1,1,4,1,1,63.5
601,1,19,5,3,52,12,1,2,1,1,2,4,1,26.4
602,1,18,1,2,39,12,1,2,1,1,1,4,1,32.0
603,1,25,3,2,52,12,1,2,1,1,1,3,0,69.7
604,2,0,3,0,2,10,0,2,1,1,3,1,0,32.4
605,1,20,1,2,51,12,1,2,1,1,3,2,1,38.4
606,2,0,1,0,28,17,3,1,1,1,1,3,1,37.3
607,4,18,3,3,48,10,0,2,1,1,2,2,1,29.3
608,1,28,1,1,31,12,1,2,1,1,4,3,1,34.6
609,1,20,2,2,37,12,1,2,1,2,2,4,0,53.3
610,1,18,4,1,55,13,1,1,1,1,2,4,1,28.6
611,1,21,1,0,40,12,1,2,1,1,5,2,1,25.5
612,2,0,3,0,20,13,1,1,1,2,3,2,1,33.1
613,1,32,3,9,46,11,1,1,2,1,2,4,0,31.5
614,1,25,5,1,72,12,1,1,1,1,2,5,1,29.2
615,2,0,1,0,27,14,2,2,2,1,8,1,0,0.0
616,2,22,6,1,79,7,0,2,1,1,8,2,0,33.1
617,1,26,3,2,73,6,0,1,1,1,2,5,0,37.8
618,2,23,6,1,75,5,0,2,2,1,2,5,0,0.0
619,1,29,8,2,72,2,0,1,1,1,1,3,0,26.9
620,2,18,1,3,75,6,0,1,1,1,3,5,0,26.4
621,1,26,2,8,63,9,0,1,1,1,4,5,2,53.7
622,1,19,1,0,21,14,1,2,1,1,1,4,1,50.7
623,1,30,5,4,41,12,1,1,1,1,0,5,1,31.5
624,2,0,2,0,33,9,0,1,1,1,2,4,3,32.0
625,2,0,14,0,21,12,1,1,2,1,8,3,1,22.7
626,3,19,7,3,29,11,0,2,2,1,0,5,0,27.5
627,2,0,2,0,18,11,0,2,1,1,5,1,1,0.0
628,1,18,6,3,73,10,1,1,1,1,4,2,2,39.4
629,3,21,10,1,47,8,0,1,1,1,10,1,2,29.2
630,2,19,6,3,73,8,0,2,1,1,6,1,0,17.1
631,3,20,4,2,58,7,0,1,2,2,5,2,2,29.2
632,2,0,7,4,40,11,0,2,2,1,3,1,1,27.5
633,1,20,2,8,81,4,0,1,2,1,2,5,0,37.3
634,1,19,2,2,41,12,1,1,1,1,2,2,1,37.3
635,1,25,1,3,73,8,0,1,1,1,2,5,0,44.7
636,1,27,4,0,33,20,4,1,1,1,3,2,1,90.3
637,1,20,0,1,52,16,3,2,1,1,4,4,1,38.4
638,1,18,0,2,34,16,2,2,1,1,1,2,1,26.5
639,2,18,5,1,58,13,1,2,1,1,1,2,0,29.3
640,2,18,5,4,47,12,1,2,1,1,5,1,1,26.4
641,2,23,1,1,79,16,3,1,1,1,4,4,0,80.3
642,2,0,3,1,43,14,1,2,2,1,2,5,1,33.9
643,1,19,1,1,63,14,1,2,1,1,4,1,1,38.4
644,1,25,2,3,85,2,0,1,1,1,2,2,1,37.3
645,3,18,3,2,45,14,2,2,1,1,2,1,0,48.5
646,1,19,2,1,26,13,1,1,1,1,4,2,0,50.7
647,2,0,2,0,42,14,2,1,1,1,2,1,0,59.1
648,1,24,2,3,41,12,1,1,1,1,2,2,1,63.5
649,2,0,5,0,53,7,0,1,1,1,4,2,0,32.3
650,1,25,8,3,68,8,0,1,1,1,2,2,0,48.5
651,1,17,4,0,49,9,0,2,1,1,4,2,1,17.1
652,3,22,4,2,41,12,1,1,1,1,3,2,4,27.2
653,1,22,7,2,81,4,0,1,1,1,10,2,1,31.5
654,1,19,6,4,65,13,1,2,1,1,3,1,1,38.4
655,1,33,2,1,42,14,2,2,1,1,6,1,2,37.7
656,1,21,5,2,26,12,1,1,2,1,4,2,1,37.3
657,1,16,2,0,20,10,0,2,1,1,12,1,1,0.0
658,2,14,3,4,57,8,0,2,1,1,2,2,0,33.1
659,1,21,2,1,28,10,0,2,1,1,4,1,1,37.6
660,1,19,4,2,50,12,1,2,1,1,3,2,1,41.3
661,1,22,1,2,43,18,4,2,1,1,0,4,1,63.5
662,1,23,3,1,30,16,3,2,1,1,2,2,1,67.0
663,2,26,7,2,58,14,2,1,1,1,3,4,2,45.9
664,2,0,1,0,22,16,3,2,1,1,0,4,0,0.0
665,2,17,1,3,63,12,1,1,1,1,2,1,0,50.7
666,1,17,4,6,65,10,0,2,1,1,1,4,0,32.0
667,1,18,4,5,50,9,0,2,1,1,2,4,1,28.4
668,2,19,5,1,75,12,1,2,1,1,2,1,0,0.0
669,1,17,6,3,54,9,0,2,1,1,4,1,1,21.1
670,1,27,3,1,33,18,3,1,1,1,2,2,1,86.5
671,1,22,3,1,36,12,1,1,1,1,3,2,1,60.5
672,1,26,9,3,82,16,3,1,1,1,3,2,1,63.5
673,2,0,2,0,36,18,3,2,1,1,1,4,1,62.2
674,1,17,2,2,48,12,1,2,1,1,1,9,1,63.5
675,1,23,1,1,27,16,3,2,1,1,3,1,1,67.0
676,3,18,4,4,49,7,0,1,1,1,2,3,0,21.3
677,3,21,2,3,55,11,0,1,1,1,2,4,2,29.4
678,3,15,2,2,37,13,1,2,1,1,3,3,2,28.4
679,1,20,8,1,28,9,0,1,3,1,2,2,1,26.7
680,2,0,3,0,21,12,1,2,3,1,0,5,0,28.4
681,4,19,8,2,39,12,1,2,2,1,1,4,2,17.6
682,1,22,5,5,63,2,0,1,3,1,2,4,1,37.3
683,1,19,4,1,23,12,1,1,3,4,1,1,4,36.5
684,2,0,2,0,18,11,0,2,1,1,1,4,5,32.4
685,1,20,4,1,24,13,1,1,1,1,2,3,1,31.5
686,1,17,17,5,56,12,1,2,3,1,3,5,0,26.5
687,3,21,2,0,31,12,1,1,1,1,2,4,1,29.2
688,1,21,3,1,47,14,2,1,2,1,1,3,1,63.5
689,2,20,8,4,81,10,0,2,1,1,3,2,0,17.6
690,2,21,9,0,76,8,0,2,1,1,3,4,0,26.7
691,1,16,0,3,48,16,4,2,3,1,0,5,1,85.1
692,2,0,7,0,54,7,0,2,3,1,2,2,0,0.0
693,2,0,5,1,23,13,1,2,3,1,3,4,1,33.1
694,2,19,14,3,60,12,1,2,3,1,4,1,0,17.1
695,2,21,6,3,75,0,0,2,3,1,6,1,0,27.5
696,3,27,1,2,75,13,2,2,1,1,4,2,0,38.4
697,2,27,10,0,83,7,0,1,1,1,3,5,1,37.6
698,1,27,2,1,46,14,1,1,1,1,0,4,1,63.5
699,1,23,5,2,35,17,3,2,3,1,1,3,1,80.3
700,4,18,7,3,34,13,1,1,2,1,1,4,1,36.5
701,2,17,9,8,67,6,0,1,2,1,2,2,0,26.5
702,2,18,7,2,84,10,0,2,1,1,1,4,0,38.9
703,1,19,5,3,47,7,0,1,2,1,2,1,1,31.5
704,2,18,8,3,62,14,2,2,1,1,2,2,0,32.4
705,3,22,0,3,62,12,1,1,1,1,12,1,1,28.6
706,2,27,5,3,81,4,0,2,3,1,5,1,0,26.5
707,1,22,1,3,42,12,1,1,1,1,1,2,1,49.3
708,3,26,6,2,46,11,0,2,1,1,3,2,0,32.4
709,1,19,3,2,40,15,2,2,1,1,1,2,1,36.5
710,1,20,6,2,48,13,1,2,1,2,4,1,1,63.5
711,1,27,11,2,46,16,3,2,3,2,4,2,1,27.5
712,2,0,1,0,20,13,0,1,1,2,3,2,1,44.7
713,3,23,7,4,73,12,1,2,1,1,5,1,0,51.9
714,3,30,4,0,38,14,1,2,1,4,5,1,0,65.8
715,1,18,2,4,38,12,1,1,1,1,2,1,1,43.4
716,2,17,10,6,76,7,0,2,1,1,6,4,0,0.0
717,1,24,2,4,56,12,1,1,1,1,4,3,1,44.7
718,1,20,9,4,74,7,0,1,1,4,4,2,0,33.1
719,1,18,10,3,57,10,0,1,1,1,4,1,1,93.3
720,1,20,2,5,58,13,1,2,1,2,7,1,1,38.9
721,2,21,0,2,76,13,1,2,1,1,6,1,2,38.4
722,1,22,6,4,35,16,3,1,1,2,1,3,1,63.2
723,1,23,8,5,36,13,1,2,1,2,4,3,1,36.2
724,4,24,1,4,39,14,1,2,1,4,1,4,1,48.6
725,2,0,2,0,20,12,1,2,1,1,1,2,2,33.1
726,1,40,2,2,43,16,3,1,1,1,1,3,1,50.7
727,1,17,3,2,39,14,1,2,1,1,2,2,1,36.1
728,1,32,4,3,48,16,3,1,1,4,1,3,2,54.2
729,1,19,1,3,52,13,1,2,1,1,1,4,1,56.6
730,1,23,0,2,82,19,4,1,1,1,4,5,1,97.2
731,1,22,3,2,44,19,3,1,1,4,2,5,1,50.7
732,1,20,4,1,38,14,2,1,1,3,3,3,1,38.1
733,3,19,2,3,44,13,1,2,1,1,1,4,0,38.4
734,1,23,16,0,24,17,1,2,1,2,3,2,1,0.0
735,1,22,2,4,35,16,3,1,1,1,3,2,1,50.7
736,2,34,22,0,48,12,1,1,1,1,3,1,1,0.0
737,2,49,12,2,78,7,0,2,1,2,0,5,0,21.2
738,2,0,7,0,24,13,1,1,1,2,3,4,1,37.3
739,1,16,3,4,29,10,0,2,1,2,3,4,1,26.5
740,1,23,1,2,36,14,1,2,1,1,8,1,1,39.6
741,1,21,2,4,66,15,1,2,1,2,5,2,1,38.0
742,3,30,3,2,54,14,1,2,1,1,6,2,0,39.6
743,2,0,13,1,37,18,4,2,1,2,2,2,1,78.5
744,1,25,4,2,55,17,4,1,1,1,2,2,1,63.5
745,2,21,4,2,72,12,1,2,1,1,1,2,0,58.1
746,2,25,4,2,78,12,1,2,1,1,1,4,0,38.0
747,3,15,6,4,42,9,0,2,1,4,7,2,0,50.2
748,2,19,6,8,75,5,0,2,1,2,2,4,0,17.1
749,1,24,6,1,38,18,4,2,1,2,0,5,1,78.5
750,1,28,11,2,40,15,2,1,3,1,3,1,1,32.3
751,3,19,6,1,62,16,3,2,1,1,2,1,0,64.4
752,2,0,2,0,30,20,4,1,1,3,1,2,4,67.0
753,2,0,2,0,49,20,4,1,1,3,2,1,0,81.9
754,1,23,4,2,43,18,4,1,1,4,2,1,1,63.5
755,1,36,0,7,41,14,1,1,2,2,5,2,1,29.3
756,2,14,2,8,57,10,0,2,2,2,6,1,0,29.3
757,3,18,2,2,30,10,0,2,2,2,2,1,2,0.0
758,1,20,9,3,36,8,0,1,3,4,8,1,1,26.7
759,4,45,1,1,52,6,0,2,2,1,3,1,1,29.3
760,1,17,0,2,2,12,1,2,1,1,3,4,1,72.5
761,2,0,2,0,47,16,3,1,1,4,1,4,5,63.5
762,2,0,3,0,32,16,3,1,1,1,2,2,1,72.5
763,1,29,2,1,74,10,0,1,1,3,6,1,1,31.5
764,1,27,3,0,35,16,3,2,1,2,2,1,1,73.6
765,1,23,2,1,31,16,3,2,1,2,1,2,1,64.8
766,1,30,11,2,40,18,4,1,1,2,5,2,1,97.2
767,2,0,1,0,30,16,3,2,3,3,2,1,0,50.5
768,1,30,6,0,51,12,1,1,1,2,2,2,1,28.9
769,2,23,1,3,76,12,1,1,1,1,3,3,0,30.0
770,1,47,4,0,56,12,1,1,2,1,12,3,1,29.8
771,2,0,2,0,24,15,1,1,2,2,2,3,3,51.9
772,1,25,3,3,38,16,3,1,1,1,0,4,1,92.3
773,1,24,2,2,74,12,1,1,1,1,3,1,0,50.7
774,1,24,1,3,60,16,3,2,1,4,2,2,1,50.7
775,1,25,8,2,63,14,2,2,1,1,1,3,1,38.4
776,1,19,2,3,64,10,0,1,1,2,3,1,1,35.1
777,1,19,1,5,51,10,0,1,1,2,1,3,1,63.5
778,1,28,3,1,31,16,3,2,3,2,5,2,1,35.4
779,2,24,3,0,74,14,1,2,1,1,2,4,0,38.4
780,2,0,4,0,33,16,3,1,1,2,2,2,0,76.3
781,2,0,1,0,27,20,4,1,1,3,2,3,5,96.0
782,2,0,3,0,22,12,1,2,2,1,3,3,2,29.1
783,1,25,1,2,40,13,1,1,1,1,3,1,1,86.0
784,2,0,2,0,21,13,1,2,1,3,2,4,1,0.0
785,4,18,3,4,33,12,1,2,1,2,5,1,1,37.7
786,3,28,4,0,43,12,1,2,3,1,3,2,2,62.1
787,1,26,3,1,25,16,3,2,1,3,3,1,1,64.1
788,1,32,3,1,35,20,4,1,1,2,3,2,1,92.3
789,2,0,2,0,22,16,3,2,1,2,2,1,1,36.5
790,2,0,2,0,39,18,4,1,1,4,1,3,2,69.2
791,1,21,6,1,66,12,1,1,1,1,4,2,1,46.7
792,2,0,3,0,19,13,1,1,1,2,1,9,0,63.5
793,2,23,1,3,69,12,1,1,1,1,4,1,0,37.8
794,1,24,2,1,34,16,4,1,1,4,2,2,1,63.5
795,2,0,1,0,19,11,0,2,1,2,2,2,0,38.4
796,1,33,2,2,43,16,4,2,1,1,0,3,1,73.2
797,2,20,5,2,77,12,1,2,1,4,2,4,0,69.7
798,2,23,5,3,89,19,4,1,1,2,4,4,2,92.3
799,1,22,3,1,44,16,3,1,1,1,1,2,1,83.7
800,1,36,4,0,41,15,4,2,3,1,5,2,1,67.0
801,3,25,3,2,53,17,3,2,1,4,3,3,0,78.5
802,1,23,2,2,53,14,1,2,1,2,3,1,1,38.0
803,1,31,2,0,38,16,3,2,3,2,2,9,0,63.5
804,1,23,9,4,32,12,0,1,1,2,6,5,1,25.3
805,1,20,1,3,39,14,1,2,3,2,2,2,1,37.7
806,1,21,2,2,55,16,3,2,1,1,2,3,1,37.7
807,1,17,6,4,47,11,0,2,1,2,2,2,1,33.3
808,1,24,4,5,43,13,1,1,1,2,1,4,1,53.9
809,2,0,1,0,37,14,1,1,1,3,6,1,0,64.2
810,3,31,1,0,46,15,1,1,1,2,2,3,1,75.9
811,1,26,2,2,32,14,1,1,1,3,2,2,1,63.5
812,3,22,4,2,57,14,1,2,1,4,0,3,0,75.9
813,2,0,2,0,28,17,3,2,1,2,1,2,2,55.3
814,3,50,4,0,56,18,4,1,1,1,4,3,1,28.6
815,2,0,4,0,33,14,1,2,1,2,0,4,1,26.4
816,2,0,2,0,26,10,1,1,3,4,1,4,5,71.2
817,1,20,7,2,45,14,1,2,1,4,1,2,1,51.9
818,1,22,3,4,44,12,1,1,1,1,0,2,1,47.0
819,1,19,3,2,54,15,2,2,1,1,6,3,0,43.7
820,3,22,2,2,46,14,2,2,1,1,0,4,1,73.2
821,1,16,2,2,55,12,1,2,1,2,3,2,1,60.5
822,1,29,3,2,36,16,3,1,1,1,2,3,1,63.5
823,2,0,2,1,25,13,1,2,1,2,3,1,1,44.2
824,2,0,4,0,38,15,1,1,1,1,2,3,0,29.8
825,3,15,2,4,54,9,0,2,1,1,4,4,0,0.0
826,1,20,4,2,25,12,1,2,1,1,2,4,1,53.7
827,2,0,3,1,35,11,1,2,1,1,2,3,0,26.7
828,1,21,1,3,36,12,1,2,1,1,2,4,1,36.5
829,1,20,8,3,68,12,1,2,1,1,1,4,1,31.4
830,1,19,1,2,47,12,1,2,1,4,5,2,1,37.4
831,1,24,6,2,49,13,1,1,1,2,2,4,1,79.8
832,1,25,6,1,52,10,0,1,1,2,3,4,0,28.6
833,1,29,3,2,46,14,2,1,1,1,3,1,1,83.7
834,1,19,6,2,39,13,1,1,1,1,1,3,1,63.5
835,1,26,2,2,67,7,0,2,1,1,4,2,1,0.0
836,1,19,2,0,27,16,3,2,1,2,1,2,1,73.6
837,2,22,0,2,71,14,2,2,1,1,5,2,0,38.4
838,2,0,2,0,68,13,1,2,1,2,2,2,0,38.4
839,4,20,2,2,26,11,0,2,2,1,5,2,2,29.3
840,4,20,3,3,38,12,1,2,2,1,3,2,3,37.7
841,2,19,1,3,47,13,1,2,2,1,3,2,1,31.4
842,1,21,2,3,57,12,1,2,1,2,4,2,1,39.4
843,3,21,2,2,38,18,4,1,1,1,1,3,0,67.0
844,2,0,6,0,29,14,1,1,1,2,1,3,1,37.7
845,1,22,2,0,47,19,4,1,1,2,3,4,1,50.7
846,1,19,2,3,38,12,1,2,1,1,3,2,1,26.7
847,1,18,5,3,40,12,1,2,1,2,2,1,1,27.5
848,1,23,5,5,38,13,1,2,1,1,2,4,1,63.5
849,2,0,9,0,22,15,1,1,1,2,1,4,1,52.3
850,2,0,4,0,40,12,1,1,1,1,3,5,3,31.4
851,3,18,3,2,43,12,1,2,2,1,2,2,2,38.4
852,3,19,7,1,42,13,1,2,1,1,1,2,6,29.8
853,4,21,4,2,29,12,1,2,2,1,5,1,1,34.6
854,1,22,1,2,26,15,1,2,1,1,6,1,1,0.0
855,4,19,6,4,45,9,0,1,2,4,5,1,5,32.7
856,3,18,2,3,60,12,1,1,1,2,2,2,0,63.5
857,1,30,3,1,72,8,0,2,1,2,6,2,0,48.9
858,3,24,3,3,31,12,1,2,1,4,3,2,1,32.4
859,1,24,3,0,31,12,1,2,1,2,5,1,0,0.0
860,1,20,5,1,47,6,0,1,1,1,3,2,1,29.2
861,1,17,5,2,28,11,1,2,1,1,4,1,1,32.0
862,1,27,4,2,36,16,3,1,1,2,2,4,1,63.5
863,1,20,2,4,45,16,3,1,1,4,2,2,0,34.2
864,1,27,5,2,53,18,4,1,1,1,1,4,1,67.0
865,3,22,1,2,58,16,3,1,1,1,2,1,0,37.4
866,3,18,2,1,44,12,1,2,1,4,0,3,2,34.6
867,1,27,4,1,49,16,3,1,3,2,1,3,1,50.7
868,1,24,1,3,71,14,1,2,1,1,3,2,0,39.4
869,3,19,0,2,57,16,3,2,1,1,1,4,1,73.7
870,2,0,1,0,66,16,3,2,1,1,2,5,0,38.0
871,1,21,4,3,39,12,1,2,1,2,1,3,1,28.4
872,3,27,2,0,48,12,1,2,1,1,2,3,1,38.0
873,3,20,2,0,38,12,1,2,1,1,4,1,1,38.0
874,1,19,3,1,77,12,1,2,1,1,5,2,1,73.6
875,1,22,4,4,32,9,0,2,1,2,3,2,1,38.4
876,2,0,2,0,22,15,1,2,3,2,2,3,1,36.5
877,1,22,5,0,30,14,1,2,2,1,2,1,1,29.3
878,3,20,6,5,41,15,1,1,2,2,2,3,1,29.3
879,4,24,2,1,34,14,2,2,2,2,2,4,3,69.2
880,2,0,11,2,26,12,1,2,2,1,5,2,1,42.3
881,2,0,2,0,39,16,3,2,1,4,3,1,1,51.8
882,1,19,3,3,41,19,4,2,1,1,1,3,1,76.4
883,1,21,6,3,68,12,1,2,1,2,4,2,2,63.5
884,1,19,2,3,41,14,1,2,1,1,4,2,1,38.4
885,1,14,4,8,56,10,0,2,2,1,1,2,2,29.3
886,2,15,1,1,85,5,0,2,2,1,16,1,0,27.5
887,2,0,7,0,65,11,0,1,2,1,5,2,3,28.4
888,4,19,2,4,35,10,0,2,2,1,4,1,1,33.1
889,1,26,3,2,32,15,1,1,2,1,2,2,1,29.4
890,2,18,4,5,49,11,1,2,2,1,2,3,0,73.2
891,2,0,7,0,28,12,1,1,1,2,3,2,4,33.1
892,1,22,5,3,45,19,4,1,1,1,0,4,1,92.3
893,1,26,3,0,28,18,4,1,1,2,1,3,1,62.1
894,1,23,3,5,61,16,3,2,1,2,2,4,1,50.7
895,1,27,2,2,35,19,4,1,1,1,3,2,1,76.4
896,2,18,2,2,59,12,1,2,1,1,4,2,1,38.4
897,2,0,3,0,31,12,1,2,1,1,0,4,1,34.4
898,1,18,6,8,61,12,1,1,2,1,8,1,1,35.1
899,3,25,5,4,44,14,1,2,2,1,5,4,1,43.7
900,1,27,12,8,66,5,0,1,2,1,2,1,0,29.2
901,2,0,15,0,24,12,1,2,2,1,8,2,2,33.6
902,3,16,7,4,41,11,1,2,2,1,6,2,2,36.5
903,1,25,2,0,36,12,1,1,1,1,2,4,0,36.5
904,2,19,3,3,80,13,1,1,1,1,6,4,0,33.6
905,1,18,5,4,40,12,1,2,1,1,2,3,1,39.0
906,1,26,2,0,31,19,4,2,2,2,3,2,1,92.3
907,3,29,11,2,43,13,1,2,2,1,3,5,3,34.6
908,2,0,2,0,30,14,2,2,2,1,4,3,1,63.2
909,1,24,1,1,29,18,2,1,2,1,6,2,1,36.5
910,2,21,4,0,65,9,0,2,2,2,4,1,0,21.2
911,1,18,2,2,23,12,1,2,1,1,1,2,1,27.5
912,2,0,4,1,28,13,1,2,2,1,2,1,1,38.4
913,3,23,3,2,70,13,1,2,1,1,6,1,0,34.6
914,1,30,9,2,42,18,4,2,2,2,1,5,1,56.6
915,2,0,6,1,31,16,3,2,2,1,1,3,1,60.6
916,3,26,3,1,50,16,3,2,1,1,2,4,0,38.4
917,4,21,0,4,50,14,2,1,1,1,1,4,0,50.7
918,1,23,2,1,29,12,1,2,1,1,8,2,1,33.1
919,2,0,1,0,25,17,3,1,1,1,4,2,0,93.3
920,2,0,1,0,39,18,3,2,1,1,2,1,1,78.5
921,3,18,9,8,66,12,1,2,2,1,3,4,1,21.2
922,1,29,5,2,71,20,4,1,1,1,2,5,1,73.9
923,1,21,3,3,38,19,3,1,1,1,2,2,1,90.1
924,1,22,1,1,39,17,4,1,1,4,1,3,1,92.8
925,1,21,3,2,37,13,1,2,1,2,1,2,1,38.4
926,2,27,1,3,80,15,2,2,1,1,2,1,0,43.7
927,4,30,4,1,38,14,1,2,1,4,2,3,2,26.4
928,1,29,2,4,65,16,3,1,1,3,1,5,1,63.5
929,1,21,0,7,58,16,3,1,1,2,2,4,1,63.5
930,1,26,8,2,51,16,3,2,3,2,2,2,1,63.5
931,1,23,1,2,40,18,3,2,1,3,1,3,1,26.4
932,1,23,3,3,35,14,2,2,1,2,1,4,1,50.7
933,1,25,1,0,41,16,3,1,1,4,4,2,1,90.1
934,1,28,5,0,30,16,3,1,1,2,1,3,1,76.4
935,1,27,2,2,47,20,4,1,1,2,1,3,1,84.5
936,1,21,3,1,49,14,1,2,1,1,1,2,1,74.4
937,1,22,5,3,36,17,3,2,1,2,3,2,1,69.2
938,1,21,2,3,43,16,3,2,1,2,1,3,1,38.0
939,1,23,4,2,35,15,2,2,1,1,2,2,1,36.9
940,1,21,7,4,37,13,1,2,1,1,1,3,2,37.4
941,1,21,1,2,58,14,1,1,1,1,3,3,1,83.9
942,2,0,3,0,23,16,3,2,1,1,3,2,1,64.1
943,1,28,1,0,30,16,3,2,1,2,4,1,1,63.5
944,2,0,2,0,18,11,0,2,1,1,1,2,1,0.0
945,2,0,12,1,32,11,0,1,2,1,3,1,3,28.6
946,1,19,2,1,41,14,1,2,1,1,2,3,1,39.4
947,2,22,4,7,67,11,1,2,1,1,4,1,0,17.1
948,1,19,0,6,61,12,1,2,2,1,4,2,1,34.8
949,1,29,15,2,75,12,1,2,2,1,3,1,1,32.0
950,1,19,6,0,41,12,1,1,2,1,6,2,5,38.1
951,1,24,2,1,27,16,3,2,1,2,3,2,1,73.2
952,1,21,1,4,63,19,4,1,1,1,3,2,1,80.3
953,1,23,3,2,38,13,1,2,1,1,2,2,1,29.0
954,1,18,4,3,56,10,1,1,1,2,2,3,1,31.5
955,2,0,2,0,25,16,3,2,1,4,1,2,1,73.3
956,1,22,2,1,28,13,1,2,1,2,2,2,1,64.1
957,1,18,4,0,82,8,0,2,1,1,4,4,1,33.1
958,2,0,8,0,31,12,1,1,1,1,4,1,3,63.5
959,1,27,4,1,31,13,1,1,1,1,2,2,1,50.7
960,1,18,2,1,26,13,1,1,1,4,3,1,1,32.3
961,1,19,3,3,31,14,1,1,1,1,2,2,1,0.0
962,1,21,9,2,42,14,1,1,1,2,2,2,1,64.1
963,2,0,1,0,23,16,1,2,1,1,2,2,1,87.0
964,2,0,0,0,23,15,1,1,1,1,3,1,1,38.9
965,2,0,1,0,24,14,1,2,2,1,3,4,1,36.5
966,1,31,5,2,38,16,3,1,1,1,0,5,1,59.0
967,3,26,1,4,45,13,1,1,1,1,1,2,0,83.7
968,2,0,3,0,30,11,1,1,1,1,2,2,0,38.4
969,1,33,3,0,38,15,2,2,1,1,2,1,1,64.8
970,1,23,4,2,74,14,1,1,1,4,4,4,0,64.1
971,1,21,2,2,26,9,0,2,1,2,5,5,1,63.5
972,1,20,3,1,52,12,1,1,1,1,4,2,1,31.3
973,4,19,7,5,44,12,1,2,2,1,3,2,0,66.1
974,1,21,14,3,37,11,0,2,1,2,1,4,1,25.2
975,1,23,0,1,25,14,1,1,1,1,1,4,1,36.5
976,1,25,2,2,26,12,1,2,1,2,12,1,1,33.1
977,1,26,8,0,39,16,3,2,3,2,2,2,1,31.4
978,1,27,3,0,33,14,1,2,2,1,3,2,1,76.4
979,1,23,1,3,56,19,4,1,1,1,2,4,1,92.3
980,1,21,1,0,46,18,4,2,1,3,1,3,1,73.8
981,1,20,2,0,45,16,4,2,1,2,1,2,1,92.3
982,2,25,5,1,84,13,1,2,1,1,6,3,0,33.1
983,3,22,12,1,47,15,1,1,1,1,3,2,1,54.5
984,2,0,1,0,25,16,3,2,1,1,1,2,2,68.8
985,1,20,6,1,23,14,4,2,1,2,1,2,2,34.6
986,2,19,1,4,69,12,1,2,1,1,2,2,0,38.9
987,1,25,1,3,45,12,1,1,1,2,4,2,1,36.5
988,2,19,3,3,72,11,0,2,1,2,6,1,0,50.7
989,2,0,5,0,23,16,3,2,1,2,2,2,1,64.4
990,3,20,3,4,57,14,1,2,1,2,0,4,1,73.2
991,1,22,2,2,45,16,3,2,1,1,2,1,1,38.9
992,3,23,3,2,38,12,1,2,1,1,1,4,2,64.2
993,1,20,8,4,57,12,1,2,1,2,3,2,1,80.3
994,2,0,3,0,30,14,1,1,1,2,2,3,1,32.4
995,2,0,2,0,25,12,1,2,3,2,3,2,4,53.3
996,2,0,1,0,26,18,3,1,1,4,1,3,5,81.9
997,2,0,5,0,42,17,3,2,1,4,1,4,1,52.3
998,2,0,2,0,35,14,1,1,1,4,1,1,6,60.6
999,1,21,3,1,30,12,1,2,1,4,1,1,1,54.7
"1,000",1,28,4,2,37,14,1,2,1,2,1,4,1,58.3
"1,001",1,33,3,4,54,16,4,1,1,4,2,2,1,86.9
"1,002",1,25,9,1,40,12,1,2,1,2,3,2,0,53.3
"1,003",1,20,4,2,38,13,1,2,1,1,1,3,1,33.1
"1,004",1,20,5,2,68,12,1,1,1,1,3,2,1,55.1
"1,005",1,27,11,1,72,12,1,2,1,2,2,2,0,29.1
"1,006",1,21,3,2,35,16,3,1,1,4,3,2,1,76.4
"1,007",2,0,3,0,25,12,1,1,1,2,2,1,4,63.2
"1,008",1,24,3,0,25,11,1,2,1,2,2,3,1,37.9
"1,009",2,0,2,0,20,15,1,1,1,4,2,5,2,34.3
"1,010",2,27,7,1,55,12,1,2,1,2,2,3,0,28.4
"1,011",1,26,2,1,29,12,1,2,1,1,2,2,1,38.9
"1,012",1,18,5,2,44,9,0,1,1,2,8,1,1,33.6
"1,013",1,22,5,5,71,9,0,2,1,2,3,1,0,0.0
"1,014",2,0,2,0,21,11,0,2,1,2,5,1,0,29.4
"1,015",1,25,4,3,34,16,3,2,1,2,2,2,1,50.7
"1,016",2,22,3,3,59,12,1,2,1,1,4,2,0,38.0
"1,017",4,31,7,2,60,11,0,1,1,2,3,5,0,41.6
"1,018",2,0,2,0,20,12,1,2,1,1,7,1,0,29.3
"1,019",1,36,4,0,43,12,1,1,1,4,8,1,1,37.3
"1,020",2,0,10,2,30,10,0,2,1,1,4,2,1,0.0
"1,021",1,31,6,2,35,13,1,1,1,2,6,2,0,32.0
"1,022",3,16,1,2,45,10,1,2,1,1,4,1,0,32.4
"1,023",1,21,3,2,36,14,1,2,1,2,2,5,1,65.2
"1,024",1,25,1,0,29,16,3,1,1,2,2,3,1,31.5
"1,025",2,0,3,0,23,16,2,2,3,1,1,2,4,50.7
"1,026",4,17,3,1,21,12,1,2,1,2,3,2,3,33.1
"1,027",1,19,2,1,28,16,2,2,1,2,3,1,1,39.4
"1,028",1,18,3,3,51,8,0,2,1,2,4,1,1,33.1
"1,029",1,20,7,4,70,12,1,2,1,1,3,2,0,36.1
"1,030",1,21,3,2,39,12,0,2,1,2,2,2,1,32.4
"1,031",2,19,0,2,83,12,1,2,1,1,6,2,0,30.7
"1,032",2,0,2,4,31,12,1,2,3,2,2,3,1,29.8
"1,033",2,0,3,3,24,11,0,2,2,1,8,2,1,21.2
"1,034",2,0,6,1,29,11,0,2,2,1,10,2,0,0.0
"1,035",1,20,2,2,51,14,1,2,1,2,3,1,1,62.5
"1,036",1,21,8,3,53,15,1,2,1,1,0,4,1,43.7
"1,037",2,24,2,4,77,16,3,2,1,1,3,2,0,0.0
"1,038",3,17,2,1,37,12,1,2,1,1,1,2,0,37.7
"1,039",2,24,0,3,77,12,1,2,1,1,3,2,0,55.1
"1,040",1,22,1,3,46,12,1,2,1,1,2,4,1,38.4
"1,041",1,19,8,0,27,9,0,1,1,4,3,1,1,28.4
"1,042",3,29,2,1,39,12,1,1,1,4,3,4,1,52.5
"1,043",2,22,9,4,60,12,1,1,1,1,1,2,1,65.8
"1,044",2,0,3,1,28,12,1,1,1,1,2,4,2,29.2
"1,045",1,26,8,4,69,8,0,1,1,1,5,2,0,29.2
"1,046",2,0,4,0,20,14,1,2,1,2,2,2,1,63.2
"1,047",2,24,9,4,71,10,0,2,1,1,0,4,0,29.3
"1,048",1,32,4,2,58,12,1,1,1,2,2,2,1,30.8
"1,049",1,30,1,1,51,12,1,1,1,1,2,4,1,40.9
"1,050",1,18,3,3,50,16,3,2,1,1,2,2,1,50.7
"1,051",1,28,1,2,32,12,1,1,3,2,4,2,1,26.7
"1,052",1,20,4,1,26,12,1,2,1,1,2,2,1,55.1
"1,053",3,19,5,3,48,12,1,2,1,1,3,2,0,38.4
"1,054",3,21,5,3,58,8,0,1,1,2,3,2,0,29.6
"1,055",2,19,1,4,85,9,0,2,1,4,6,1,0,29.1
"1,056",2,0,6,0,34,12,1,2,1,4,6,1,2,44.2
"1,057",1,25,3,2,33,12,1,1,1,2,1,1,1,53.9
"1,058",3,19,3,0,44,12,1,1,1,1,3,2,1,42.5
"1,059",1,27,3,3,42,12,1,1,1,1,1,3,2,45.8
"1,060",4,21,1,0,45,15,1,1,1,2,2,4,1,64.1
"1,061",1,22,3,2,32,12,1,2,1,1,2,2,1,17.1
"1,062",1,21,2,5,33,12,1,2,1,1,2,1,1,38.0
"1,063",1,23,6,4,78,8,0,1,1,1,6,1,1,37.3
"1,064",1,20,8,6,29,12,1,1,1,2,2,3,1,37.3
"1,065",2,0,0,0,28,13,1,2,1,1,1,4,0,0.0
"1,066",1,18,3,1,23,12,1,1,1,1,2,4,0,35.7
"1,067",1,16,4,2,25,13,1,2,1,1,2,1,2,36.5
"1,068",1,19,1,0,42,12,1,1,1,1,2,2,1,49.4
"1,069",2,0,8,0,24,9,0,1,1,2,5,2,2,28.2
"1,070",4,22,8,1,36,11,0,2,1,1,4,1,0,29.3
"1,071",1,27,4,1,28,12,1,1,1,1,2,3,2,51.0
"1,072",4,16,1,2,21,12,1,2,1,4,3,5,3,0.0
"1,073",2,0,6,0,61,4,0,1,1,2,10,5,0,31.4
"1,074",2,0,6,1,23,12,1,1,2,1,2,2,1,0.0
"1,075",1,27,1,2,40,17,3,2,1,1,1,3,1,38.4
"1,076",2,0,3,1,31,12,1,2,1,4,10,1,2,32.4
"1,077",1,21,2,5,35,12,1,1,1,4,6,2,1,30.4
"1,078",2,16,1,2,69,11,1,2,1,1,9,4,0,64.2
"1,079",2,20,5,1,68,9,0,2,1,4,5,1,0,27.2
"1,080",3,19,7,1,79,12,1,2,1,1,3,3,0,25.2
"1,081",3,27,1,5,73,12,1,1,1,1,3,5,0,37.3
"1,082",3,29,1,1,45,14,2,2,1,2,1,2,0,64.1
"1,083",3,23,2,3,54,16,3,2,1,1,3,2,1,53.7
"1,084",3,32,3,3,58,16,3,1,1,2,1,3,4,73.6
"1,085",1,26,1,3,58,16,4,1,1,1,4,1,1,97.2
"1,086",1,21,1,3,67,16,3,2,1,1,1,4,1,53.3
"1,087",3,19,11,4,64,15,1,2,1,1,2,2,0,73.2
"1,088",1,17,2,1,74,12,1,2,1,1,6,3,2,37.9
"1,089",2,0,5,0,44,12,1,2,2,1,3,2,0,38.0
"1,090",2,0,7,0,30,14,1,1,1,2,1,3,4,39.5
"1,091",2,0,2,0,34,16,3,2,1,1,3,2,1,75.9
"1,092",2,32,7,0,79,12,1,2,1,1,5,4,0,37.7
"1,093",3,20,2,2,45,13,1,1,1,1,3,3,0,45.9
"1,094",2,21,3,2,78,12,1,2,1,1,2,4,0,37.7
"1,095",2,0,2,0,47,12,1,1,1,1,2,2,1,29.4
"1,096",1,18,2,4,50,12,1,2,1,1,2,4,1,26.4
"1,097",2,0,2,0,38,11,1,2,1,2,4,2,1,30.8
"1,098",1,18,4,2,31,12,1,2,1,1,2,2,1,63.5
"1,099",1,20,13,5,55,12,1,2,1,1,3,2,1,34.6
"1,100",1,23,4,0,25,16,3,1,1,2,2,2,1,64.1
"1,101",3,19,4,1,40,12,1,1,1,1,3,4,1,38.1
"1,102",3,18,4,0,49,12,1,2,1,1,1,4,1,32.0
"1,103",2,0,3,0,64,8,0,1,1,1,1,2,0,0.0
"1,104",1,20,1,5,42,13,1,1,1,1,1,3,1,29.4
"1,105",1,21,2,0,42,10,0,2,1,1,4,2,0,29.2
"1,106",1,21,4,3,29,9,0,1,1,1,4,1,1,34.6
"1,107",2,0,2,0,19,11,0,1,1,1,3,4,0,43.4
"1,108",1,19,2,2,26,13,1,2,1,1,3,2,1,43.6
"1,109",3,26,2,1,60,14,2,1,2,2,2,4,0,29.2
"1,110",2,0,3,0,25,14,1,2,1,1,3,2,1,37.7
"1,111",1,38,3,0,44,17,3,1,1,1,3,2,1,63.5
"1,112",1,20,1,1,31,12,1,2,1,1,4,2,1,33.1
"1,113",1,18,1,4,53,12,1,2,1,1,2,3,1,0.0
"1,114",1,21,8,3,38,12,1,1,1,2,2,3,1,63.5
"1,115",2,16,4,0,60,7,0,2,1,1,6,1,0,32.4
"1,116",1,26,9,2,48,12,1,2,1,1,4,2,1,28.4
"1,117",1,23,4,2,34,18,4,2,1,2,1,2,1,76.5
"1,118",2,21,2,3,69,13,1,2,1,1,4,2,0,64.4
"1,119",1,23,1,1,48,8,0,2,1,2,3,2,0,0.0
"1,120",1,20,1,2,79,12,1,2,1,1,2,2,1,56.5
"1,121",2,0,1,0,49,16,3,2,1,1,2,3,0,63.2
"1,122",1,32,3,0,33,19,4,1,1,1,1,2,1,58.3
"1,123",1,24,0,4,55,16,3,2,1,1,1,4,1,67.0
"1,124",2,0,1,0,21,12,1,1,1,1,3,2,1,39.0
"1,125",1,25,3,3,36,17,3,1,1,2,2,4,1,88.8
"1,126",1,20,2,1,65,14,1,1,1,2,4,3,1,37.3
"1,127",1,22,3,4,59,16,3,1,1,1,3,3,1,73.8
"1,128",1,21,3,3,50,16,3,2,1,2,2,2,1,85.1
"1,129",3,25,1,1,78,12,1,2,2,1,6,2,0,22.5
"1,130",1,30,4,3,74,10,0,1,2,1,3,1,1,42.9
"1,131",1,21,9,3,31,12,1,1,2,1,2,3,1,51.0
"1,132",2,35,5,0,89,14,2,2,2,1,6,1,0,78.5
"1,133",4,25,5,2,75,14,1,2,2,1,2,1,0,33.1
"1,134",1,19,6,3,47,12,1,1,1,1,0,5,1,80.0
"1,135",3,21,2,3,38,8,0,1,1,1,5,1,1,29.4
"1,136",2,0,2,2,37,12,1,1,1,1,2,2,4,34.2
"1,137",3,16,1,3,39,12,1,2,1,1,2,1,0,48.5
"1,138",1,21,8,1,64,12,1,2,1,1,3,4,1,17.6
"1,139",1,20,0,2,53,2,2,2,1,1,4,5,0,19.4
"1,140",1,25,2,1,28,16,3,2,1,1,2,2,1,62.5
"1,141",1,21,1,0,24,11,0,1,1,1,5,1,3,34.3
"1,142",1,23,7,3,80,10,0,2,1,1,3,4,1,25.8
"1,143",1,23,1,5,70,18,4,1,1,4,4,3,2,50.7
"1,144",1,21,3,2,37,12,1,1,1,2,3,2,1,35.1
"1,145",1,26,0,2,67,16,3,2,1,1,2,2,1,35.4
"1,146",3,20,1,1,40,12,1,2,1,1,1,2,0,63.5
"1,147",2,0,1,0,26,14,2,1,1,1,2,3,1,63.5
"1,148",1,27,1,2,37,18,4,2,1,2,1,2,1,73.2
"1,149",4,32,1,3,33,13,1,2,2,1,2,2,1,26.7
"1,150",3,19,1,4,50,12,1,2,1,1,2,2,2,58.3
"1,151",1,19,4,3,46,14,1,1,1,1,6,1,1,63.5
"1,152",1,19,4,4,60,13,2,1,1,1,2,4,1,36.5
"1,153",2,0,2,0,29,16,3,2,1,1,10,1,1,52.4
"1,154",1,19,2,1,22,12,1,2,1,1,5,1,1,33.1
"1,155",1,21,2,3,72,7,0,1,1,1,3,2,1,38.2
"1,156",4,26,1,2,28,17,1,1,2,1,3,4,2,52.4
"1,157",2,0,2,0,29,16,3,1,1,1,3,2,3,62.1
"1,158",1,18,1,3,46,14,2,2,1,2,1,4,1,51.9
"1,159",1,16,1,2,25,13,1,1,1,1,9,1,0,31.5
"1,160",3,22,0,2,47,16,3,2,1,1,2,2,2,69.2
"1,161",1,24,9,3,78,11,1,1,1,1,5,1,1,20.1
"1,162",1,36,4,1,73,16,3,1,1,1,3,4,0,38.5
"1,163",1,18,0,2,36,8,0,1,1,1,6,1,1,33.1
"1,164",2,23,9,4,77,11,1,1,1,1,1,3,0,31.3
"1,165",1,23,3,2,37,10,1,1,1,1,2,1,1,32.3
"1,166",2,0,2,0,25,13,1,2,2,1,2,2,1,38.0
"1,167",1,28,5,0,32,9,0,2,1,2,12,1,1,28.4
"1,168",1,21,1,1,40,18,4,1,1,4,1,4,1,76.4
"1,169",3,17,2,2,33,13,1,2,1,1,2,3,0,36.5
"1,170",1,21,1,2,39,12,1,2,1,1,0,4,1,32.3
"1,171",1,28,5,1,33,14,1,2,3,2,4,1,1,36.4
"1,172",1,24,4,1,26,12,1,1,1,4,3,2,1,32.3
"1,173",4,25,2,1,28,12,1,2,1,2,2,1,1,38.0
"1,174",2,0,0,0,29,15,1,2,2,1,3,3,2,53.3
"1,175",1,27,2,2,33,16,3,1,1,1,2,2,1,28.6
"1,176",2,0,4,0,35,17,4,1,1,2,2,3,1,63.5
"1,177",1,26,9,3,74,13,1,2,1,1,2,3,0,71.6
"1,178",2,25,3,2,75,11,1,2,1,1,0,5,0,45.4
"1,179",1,19,3,3,49,15,1,2,1,2,1,3,0,73.2
"1,180",1,23,3,4,69,16,3,1,1,1,2,2,1,76.4
"1,181",4,33,2,3,35,13,1,2,2,1,12,4,1,17.1
"1,182",1,27,3,0,28,18,1,1,1,4,2,2,1,48.9
"1,183",2,25,6,1,71,6,0,2,2,1,8,5,0,22.5
"1,184",3,18,11,0,64,12,1,2,2,1,3,1,0,29.3
"1,185",1,25,1,4,62,6,0,2,2,1,2,5,0,29.1
"1,186",2,0,4,0,35,9,1,1,2,1,1,4,1,48.6
"1,187",1,22,2,1,46,14,2,1,1,3,2,4,1,29.8
"1,188",2,28,2,1,58,18,3,1,1,4,2,3,2,69.2
"1,189",1,19,4,2,42,11,0,1,1,1,4,3,1,32.3
"1,190",2,0,2,0,43,2,2,2,1,1,10,1,0,0.0
"1,191",1,18,6,3,59,9,0,2,1,1,5,2,1,31.3
"1,192",4,16,2,1,38,10,0,2,1,1,3,2,1,33.9
"1,193",1,17,3,3,48,11,1,2,1,1,4,3,1,26.4
"1,194",1,24,2,2,34,12,1,2,1,1,1,3,1,26.4
"1,195",1,20,2,2,44,13,1,2,1,2,2,2,1,60.6
"1,196",1,21,3,1,23,14,1,1,2,1,5,1,1,62.0
"1,197",1,22,2,2,37,13,1,1,2,2,0,4,1,33.1
"1,198",3,26,1,1,34,14,1,1,1,1,2,3,2,35.4
"1,199",2,0,2,0,26,14,1,1,1,4,1,4,1,62.5
"1,200",3,29,4,2,58,13,1,1,1,1,3,3,5,38.1
"1,201",1,32,0,0,87,12,1,1,1,1,2,2,1,48.5
"1,202",1,24,6,2,69,18,4,1,1,1,2,4,1,50.7
"1,203",1,30,1,3,65,12,1,1,1,1,1,9,0,92.8
"1,204",3,25,1,0,31,20,4,1,1,1,1,4,3,97.2
"1,205",1,24,1,4,66,16,3,2,1,1,2,2,1,63.5
"1,206",1,24,0,1,69,17,3,2,1,1,3,2,1,71.6
"1,207",2,43,0,0,2,16,3,2,1,1,3,2,0,0.0
"1,208",1,18,2,3,53,18,4,2,1,1,2,3,1,50.7
"1,209",1,24,2,3,72,13,1,1,1,1,2,5,1,45.2
"1,210",2,0,2,1,26,12,1,1,1,4,4,5,5,39.5
"1,211",1,22,1,0,25,12,1,1,1,1,2,1,1,33.6
"1,212",1,17,2,2,37,13,1,2,1,1,1,4,1,38.4
"1,213",1,21,0,2,58,14,1,1,1,1,3,5,1,48.6
"1,214",2,0,1,0,25,16,3,2,1,1,2,2,2,57.1
"1,215",1,17,15,1,35,8,0,2,1,4,8,1,1,32.4
"1,216",3,18,8,3,60,6,0,2,1,1,2,2,0,26.7
"1,217",1,23,2,2,33,10,0,1,1,1,3,2,1,31.3
"1,218",2,0,3,0,24,15,1,1,1,4,2,2,3,27.5
"1,219",1,31,4,1,82,12,1,1,1,1,1,4,1,62.5
"1,220",1,26,10,0,29,16,2,1,1,2,8,1,1,38.8
"1,221",1,18,3,2,41,15,1,2,1,1,2,3,1,42.5
"1,222",1,20,7,2,73,8,0,2,1,1,2,2,1,17.6
"1,223",1,19,3,1,30,12,1,1,1,1,2,2,1,37.7
"1,224",1,21,3,2,68,13,1,2,1,4,3,1,1,50.7
"1,225",1,18,5,2,68,10,0,2,1,1,2,5,0,33.1
"1,226",1,29,5,0,39,12,1,2,1,2,3,1,1,30.8
"1,227",1,16,3,8,56,10,0,2,1,1,6,1,1,46.8
"1,228",1,18,1,4,37,12,1,2,1,4,2,2,1,29.3
"1,229",1,21,4,4,68,12,1,1,1,2,7,4,1,93.3
"1,230",1,22,9,5,66,13,1,1,1,1,3,1,1,63.5
"1,231",1,58,4,0,78,12,1,2,1,1,4,2,0,38.0
"1,232",3,20,4,2,59,12,1,1,1,1,1,4,1,63.5
"1,233",3,17,3,1,22,12,1,2,1,4,5,2,5,0.0
"1,234",2,0,3,0,33,14,1,1,1,1,2,1,1,38.4
"1,235",1,18,3,5,51,9,1,1,1,1,0,5,0,45.3
"1,236",1,27,3,2,52,12,1,1,1,1,2,3,1,63.5
"1,237",1,20,1,0,21,15,1,2,1,1,3,2,1,43.7
"1,238",3,17,1,3,46,20,4,2,1,1,1,3,0,92.3
"1,239",1,20,2,0,25,17,1,1,1,1,2,2,1,66.3
"1,240",1,25,5,2,36,16,3,1,1,1,1,3,1,63.5
"1,241",1,21,0,1,86,11,1,2,1,1,3,3,0,0.0
"1,242",3,25,1,1,47,12,1,1,1,1,3,3,2,48.5
"1,243",3,25,1,0,28,10,0,1,1,1,5,3,2,33.1
"1,244",3,16,1,1,28,12,1,2,1,1,4,2,1,26.4
"1,245",3,20,2,0,40,12,1,2,1,1,5,1,1,32.0
"1,246",3,24,3,2,28,10,1,2,1,1,2,4,2,38.4
"1,247",2,19,13,6,82,10,0,2,2,1,4,2,0,27.5
"1,248",2,19,6,9,72,9,0,2,2,1,2,9,0,22.5
"1,249",2,0,2,0,32,12,2,2,1,1,4,2,0,34.6
"1,250",1,27,2,0,64,16,3,2,1,3,2,3,1,58.3
"1,251",3,25,13,6,74,5,0,1,2,4,8,1,0,32.3
"1,252",2,0,8,0,35,15,1,1,1,1,3,2,1,38.4
"1,253",1,41,2,0,63,16,3,2,1,2,2,4,1,80.3
"1,254",2,0,3,0,49,14,1,2,1,4,4,1,1,46.7
"1,255",2,0,3,0,35,14,2,1,1,2,8,2,1,32.3
"1,256",2,0,2,0,33,16,1,2,1,4,5,2,2,26.4
"1,257",2,0,2,0,32,16,1,1,1,4,1,4,5,60.5
"1,258",3,20,0,0,42,19,4,2,1,2,3,4,1,37.4
"1,259",3,27,2,2,40,15,1,1,2,1,3,3,1,57.1
"1,260",2,0,1,1,24,16,3,2,3,1,1,2,1,0.0
"1,261",4,18,7,1,38,13,1,1,2,1,8,1,1,27.5
"1,262",1,19,5,1,36,8,0,1,1,1,8,1,1,31.5
"1,263",2,0,1,1,23,13,1,2,1,4,6,1,6,52.5
"1,264",2,0,1,0,30,12,1,1,1,2,4,2,1,33.1
"1,265",2,0,3,0,29,12,1,2,1,3,2,2,1,27.5
"1,266",2,0,3,0,37,13,1,2,1,1,3,1,2,32.0
"1,267",1,18,5,2,40,12,1,1,1,2,1,4,1,31.5
"1,268",1,19,2,3,52,14,1,2,1,1,2,2,1,38.4
"1,269",1,20,4,2,79,12,1,2,1,1,3,2,0,38.4
"1,270",1,26,3,0,29,12,1,2,1,2,1,4,1,38.4
"1,271",1,28,1,3,59,12,1,1,1,1,0,5,1,31.4
"1,272",2,0,3,0,28,18,4,1,1,1,2,4,1,74.4
"1,273",1,23,3,1,35,18,3,2,1,1,1,2,1,83.7
"1,274",1,25,8,2,32,9,1,2,1,4,3,2,1,29.0
"1,275",2,0,1,0,23,16,1,1,1,1,2,2,1,61.9
"1,276",1,20,1,2,50,18,4,2,3,1,2,3,1,82.7
"1,277",1,21,4,2,43,16,3,1,1,1,1,1,1,36.7
"1,278",1,22,2,2,39,13,1,2,1,1,2,2,1,63.5
"1,279",4,24,3,1,50,13,1,2,1,1,1,3,1,60.6
"1,280",2,19,5,3,78,10,0,2,1,2,4,4,0,37.3
"1,281",2,0,5,0,43,18,3,2,1,4,3,2,5,28.4
"1,282",2,0,1,0,34,18,3,1,1,1,1,3,0,50.7
"1,283",1,16,8,6,57,11,1,2,1,1,3,4,1,26.4
"1,284",2,0,0,0,63,12,1,1,1,1,5,1,0,37.3
"1,285",2,0,2,0,48,14,1,1,1,4,2,2,0,64.1
"1,286",3,19,3,2,48,14,1,2,1,1,3,8,0,64.2
"1,287",2,0,3,0,28,16,3,1,1,4,2,2,1,37.3
"1,288",3,25,6,0,42,18,4,2,3,2,2,4,1,76.3
"1,289",1,20,3,2,32,12,1,2,1,1,3,2,1,38.4
"1,290",1,19,1,1,24,14,2,2,1,1,3,3,1,38.4
"1,291",1,23,0,3,57,20,3,1,1,1,2,4,1,86.5
"1,292",3,20,5,2,55,12,1,1,1,1,2,3,2,63.5
"1,293",1,32,2,0,35,12,1,2,1,2,3,2,1,38.0
"1,294",2,22,2,3,55,16,1,2,1,1,2,2,0,64.4
"1,295",1,21,1,2,34,12,1,1,1,1,2,2,1,53.3
"1,296",1,22,2,2,28,13,1,2,1,1,2,3,1,32.4
"1,297",2,0,2,0,21,13,0,1,1,1,2,2,2,34.2
"1,298",2,16,9,3,73,8,0,2,1,1,4,2,0,43.7
"1,299",3,25,9,2,32,17,3,2,1,2,1,3,1,56.6
"1,300",3,22,5,3,58,12,1,2,1,1,1,2,0,38.4
"1,301",2,0,1,0,28,13,1,1,1,1,1,3,1,29.2
"1,302",1,21,2,0,24,12,1,2,1,2,4,1,1,75.9
"1,303",2,0,2,0,41,14,2,2,1,2,2,3,1,44.8
"1,304",1,26,1,2,40,12,1,1,1,4,2,2,1,28.6
"1,305",1,29,6,5,69,9,0,1,1,2,3,4,0,29.2
"1,306",1,20,6,2,42,14,1,2,1,1,1,4,1,48.5
"1,307",1,20,2,2,36,12,1,2,1,4,3,4,1,27.5
"1,308",2,0,2,0,20,12,1,1,1,1,4,1,4,33.1
"1,309",3,20,2,3,34,12,1,2,1,2,2,1,0,52.3
"1,310",1,35,2,0,66,18,4,1,1,2,2,1,1,85.1
"1,311",1,25,0,1,57,17,3,1,1,1,2,4,1,44.7
"1,312",1,19,1,3,53,14,2,1,1,1,1,1,1,48.9
"1,313",1,26,2,4,66,12,0,2,1,2,3,2,0,22.9
"1,314",1,29,2,2,42,16,3,1,1,2,1,1,1,63.2
"1,315",1,18,2,2,60,13,1,1,1,1,2,4,1,65.8
"1,316",3,26,0,1,48,16,3,2,1,2,3,1,0,37.7
"1,317",1,38,7,0,41,16,3,1,1,4,2,2,1,34.2
"1,318",2,18,2,1,57,14,0,2,1,1,3,4,0,60.5
"1,319",2,0,1,0,21,12,1,1,1,1,2,2,3,56.5
"1,320",1,31,3,1,34,14,2,1,1,3,2,2,1,65.8
"1,321",3,19,4,2,39,11,0,1,1,2,4,2,1,39.0
"1,322",1,25,2,1,30,17,4,1,1,1,2,2,1,78.5
"1,323",2,0,1,0,22,12,1,2,1,2,4,2,0,35.4
"1,324",1,27,2,0,40,14,1,2,1,1,2,2,1,63.5
"1,325",2,25,6,5,74,2,0,1,1,1,3,4,0,50.7
"1,326",1,18,4,4,36,13,1,2,1,1,1,4,1,17.1
"1,327",2,0,5,0,19,11,0,2,1,1,5,2,1,34.3
"1,328",3,19,2,5,63,12,1,2,1,1,3,3,0,0.0
"1,329",2,0,2,0,38,12,1,1,1,1,2,4,1,37.3
"1,330",2,0,2,0,29,12,1,2,1,1,2,2,2,34.6
"1,331",1,24,1,2,43,16,3,1,1,1,3,2,1,65.8
"1,332",1,17,13,3,28,15,1,2,1,1,3,2,2,32.4
"1,333",1,18,3,8,74,8,0,1,1,1,2,2,1,0.0
"1,334",2,18,8,3,89,9,0,2,1,1,4,5,0,25.5
"1,335",2,21,5,5,68,12,1,2,1,1,0,4,2,51.0
"1,336",1,21,3,2,60,11,0,2,1,1,4,3,1,17.1
"1,337",2,23,7,0,43,8,0,1,1,1,8,5,0,28.4
"1,338",1,33,7,0,73,12,1,1,1,1,3,3,0,28.2
"1,339",1,19,9,5,71,8,0,1,1,1,4,2,0,38.1
"1,340",3,19,3,2,36,9,0,1,1,4,4,2,1,35.4
"1,341",3,17,6,2,46,12,1,2,1,1,3,3,1,26.7
"1,342",1,29,2,2,36,10,1,1,1,1,3,3,0,45.4
"1,343",3,20,3,2,46,13,1,2,1,1,0,5,0,38.4
"1,344",1,19,1,2,27,12,1,2,1,1,3,1,1,38.9
"1,345",1,22,2,3,50,13,1,1,1,1,0,3,1,45.9
"1,346",1,13,1,7,67,7,0,2,1,1,5,3,2,29.6
"1,347",2,18,6,0,88,7,0,2,1,1,3,5,0,30.7
"1,348",2,20,3,3,76,12,1,2,1,1,4,2,0,33.1
"1,349",2,0,2,0,24,16,2,1,1,4,20,2,1,26.5
"1,350",2,0,2,0,26,17,3,1,1,1,2,2,3,78.5
"1,351",2,0,2,0,24,16,3,2,1,4,1,2,2,63.2
"1,352",1,23,6,3,38,14,1,2,3,1,2,2,1,29.3
"1,353",1,21,5,3,42,15,2,2,3,2,1,3,1,64.8
"1,354",2,18,0,1,65,12,1,2,1,1,3,1,0,38.4
"1,355",1,25,2,1,32,18,4,2,3,1,1,4,1,76.3
"1,356",1,24,9,0,28,12,1,2,2,1,3,2,1,29.2
"1,357",3,18,4,3,29,12,1,2,1,2,3,2,1,37.7
"1,358",3,29,2,1,37,15,1,2,1,1,3,2,1,37.7
"1,359",2,0,5,0,44,16,3,2,1,1,2,1,2,62.5
"1,360",1,29,5,3,37,17,3,2,1,1,4,2,1,33.1
"1,361",2,0,2,0,26,19,3,2,1,1,0,3,1,81.3
"1,362",3,31,2,3,46,12,1,1,1,2,0,4,1,0.0
"1,363",2,0,2,0,18,11,0,1,1,1,3,1,2,37.6
"1,364",2,0,3,0,19,12,1,1,1,1,6,5,0,50.7
"1,365",2,0,6,2,19,11,0,1,3,1,2,2,1,28.6
"1,366",3,14,9,2,27,9,1,2,1,4,6,2,1,32.4
"1,367",2,0,3,1,29,12,1,1,1,4,6,1,1,40.9
"1,368",2,18,13,8,73,8,0,2,1,2,5,1,0,29.1
"1,369",3,21,5,3,39,16,3,1,1,1,4,2,1,47.6
"1,370",1,24,12,5,72,8,0,1,1,1,3,2,2,49.9
"1,371",1,21,0,2,49,14,1,2,1,1,4,4,1,38.4
"1,372",1,16,6,4,43,12,1,2,1,1,2,1,1,50.7
"1,373",1,27,7,0,31,15,1,1,1,2,1,1,1,28.4
"1,374",3,20,5,2,31,13,1,2,1,1,2,2,1,32.0
"1,375",1,20,1,2,55,16,3,1,1,1,3,1,1,80.9
"1,376",3,24,3,1,28,12,1,1,1,1,6,1,1,33.1
"1,377",1,21,8,5,73,12,1,2,1,1,5,4,1,32.4
"1,378",2,0,2,0,22,12,1,1,1,1,5,4,3,32.3
"1,379",3,23,3,0,30,14,2,2,1,2,1,2,1,50.7
"1,380",3,28,4,4,46,12,1,2,1,1,4,2,0,38.0
"1,381",2,0,2,0,25,15,2,1,1,2,1,2,1,32.3
"1,382",2,0,1,0,19,12,1,1,1,1,1,4,2,50.5
"1,383",2,19,0,3,62,18,4,2,1,2,2,3,0,51.8
"1,384",1,29,8,3,47,12,1,1,1,2,2,2,1,43.2
"1,385",2,23,9,5,51,12,1,2,2,1,2,3,1,39.9
"1,386",2,17,6,5,68,6,0,2,2,1,3,3,0,25.3
"1,387",4,17,3,8,58,12,1,2,2,1,1,5,1,22.5
"1,388",2,16,8,8,62,9,0,2,2,1,1,2,0,17.1
"1,389",3,15,3,4,50,10,1,2,1,1,0,3,2,17.1
"1,390",1,18,4,2,35,12,1,2,1,1,1,2,1,37.9
"1,391",3,27,8,2,66,8,0,1,1,4,24,2,0,0.0
"1,392",1,18,4,1,54,12,1,2,1,1,7,5,1,51.0
"1,393",1,30,3,0,40,12,1,2,1,1,1,3,0,50.7
"1,394",3,19,10,3,38,10,0,1,1,1,2,2,5,50.7
"1,395",2,18,3,3,68,12,0,2,1,1,5,2,0,69.2
"1,396",3,21,1,0,47,14,1,2,1,1,2,2,1,53.7
"1,397",2,0,3,0,36,18,4,2,1,1,6,1,0,78.5
"1,398",2,18,7,1,65,8,0,2,1,1,4,1,0,30.8
"1,399",1,21,8,4,54,11,0,1,1,1,2,2,1,29.2
"1,400",1,21,3,0,62,8,0,1,1,4,4,2,1,28.6
"1,401",1,17,2,3,62,7,0,1,1,1,2,4,0,36.2
"1,402",2,0,4,1,20,12,1,1,2,1,7,1,7,34.3
"1,403",3,18,3,3,63,13,1,2,1,4,2,3,1,33.1
"1,404",1,22,1,2,64,8,0,1,1,1,3,2,0,37.3
"1,405",3,19,4,2,28,12,1,2,1,1,8,1,4,17.1
"1,406",1,32,7,1,33,9,1,1,1,1,3,2,1,27.5
"1,407",1,32,2,2,76,7,0,1,1,1,1,2,1,37.3
"1,408",2,16,1,0,38,8,0,2,1,1,4,3,6,73.2
"1,409",1,24,3,0,70,8,0,1,1,4,1,4,2,37.3
"1,410",1,24,2,0,39,12,1,1,1,1,4,1,1,17.1
"1,411",2,0,1,0,20,12,1,2,1,1,6,1,1,33.1
"1,412",4,31,3,2,37,12,1,2,1,4,8,2,2,17.1
"1,413",1,18,7,2,33,8,0,2,1,1,2,4,1,17.1
"1,414",2,21,8,1,72,8,0,2,1,1,1,4,0,22.6
"1,415",1,16,3,5,66,7,0,2,1,1,2,4,0,27.5
"1,416",1,19,4,3,55,13,1,2,1,1,2,3,1,41.3
"1,417",1,29,3,0,54,16,3,2,1,1,2,4,1,80.3
"1,418",2,0,7,0,30,11,0,1,2,1,1,2,1,30.1
"1,419",1,19,2,2,49,12,1,1,1,1,3,4,1,39.0
"1,420",1,24,6,2,44,18,4,1,2,1,2,2,1,85.1
"1,421",3,19,7,5,51,6,0,1,2,4,4,1,1,38.1
"1,422",2,0,5,1,21,12,1,2,2,1,6,1,2,0.0
"1,423",2,0,5,3,35,13,1,2,2,1,12,4,1,0.0
"1,424",3,18,7,1,22,11,1,2,1,1,5,2,1,32.4
"1,425",1,21,8,4,60,12,1,1,1,1,1,4,1,37.3
"1,426",1,34,12,5,36,10,0,2,2,1,6,1,1,0.0
"1,427",1,29,4,0,52,8,0,1,2,4,5,5,1,26.5
"1,428",1,24,4,2,41,12,1,1,2,1,1,2,1,31.5
"1,429",1,28,8,3,39,12,1,2,2,1,1,5,1,26.7
"1,430",3,19,0,0,30,12,1,2,1,1,1,3,1,73.2
"1,431",1,22,2,1,31,14,2,2,1,1,1,3,1,39.6
"1,432",1,21,4,3,61,12,1,1,1,1,4,4,1,65.8
"1,433",1,19,6,1,42,12,1,2,1,1,1,3,1,17.1
"1,434",1,19,2,4,53,12,1,2,1,1,1,4,1,38.0
"1,435",2,0,1,0,23,16,3,2,1,1,2,2,0,78.5
"1,436",2,0,2,0,23,15,2,1,1,1,2,2,0,33.1
"1,437",1,25,3,1,37,16,3,1,1,1,2,4,1,47.8
"1,438",1,21,2,5,40,16,2,2,1,1,1,4,2,73.2
"1,439",1,25,4,3,69,12,1,2,1,1,3,1,1,27.5
"1,440",2,0,7,0,75,8,0,1,1,1,1,4,0,34.2
"1,441",3,28,1,1,69,12,1,2,1,1,1,2,0,26.4
"1,442",1,21,4,0,26,17,3,2,1,1,6,2,1,36.9
"1,443",3,17,3,2,33,12,1,2,1,1,2,4,5,32.4
"1,444",1,17,1,1,22,8,0,2,1,1,2,4,1,24.2
"1,445",2,0,1,4,29,13,1,1,2,1,2,2,1,29.3
"1,446",1,22,1,2,42,11,0,2,1,1,2,4,1,26.7
"1,447",3,19,13,0,44,12,1,2,1,1,3,1,1,37.3
"1,448",1,17,3,2,38,12,1,2,1,1,1,2,1,29.2
"1,449",2,0,2,0,37,10,0,1,1,1,6,1,0,29.2
"1,450",1,20,2,1,26,12,1,1,1,1,3,2,1,44.7
"1,451",2,28,3,2,82,16,1,2,1,1,5,2,2,78.5
"1,452",3,21,4,3,30,12,1,2,2,1,5,4,2,29.2
"1,453",4,15,3,2,61,5,0,2,1,1,2,3,0,0.0
"1,454",2,0,3,0,50,12,1,1,1,1,3,5,0,52.4
"1,455",3,21,6,2,67,8,0,1,1,1,2,2,2,46.3
"1,456",1,31,6,1,82,6,0,1,1,1,2,8,0,28.0
"1,457",2,0,0,0,23,15,1,2,1,1,3,1,1,26.4
"1,458",1,19,4,2,47,12,1,2,1,1,3,1,1,29.5
"1,459",1,21,4,3,58,18,4,1,1,1,2,3,1,85.1
"1,460",2,0,4,0,21,11,1,2,1,1,2,4,1,0.0
"1,461",1,18,1,2,29,13,1,2,1,1,2,2,1,37.3
"1,462",2,0,0,0,19,11,0,1,1,2,1,2,3,0.0
"1,463",2,18,4,3,65,12,1,2,1,1,3,5,0,21.2
"1,464",2,0,2,0,23,16,1,2,1,4,2,2,3,42.5
"1,465",2,17,4,5,62,11,1,2,1,1,4,2,0,29.3
"1,466",3,26,4,0,25,17,2,2,1,1,1,2,2,33.1
"1,467",2,24,10,8,69,13,1,1,3,1,4,2,2,38.5
"1,468",2,24,0,2,71,17,3,2,1,1,2,4,0,73.2
"1,469",1,23,1,1,86,12,1,1,1,1,5,1,0,36.5
"1,470",1,32,3,0,33,17,3,1,1,2,1,5,1,34.2
"1,471",3,18,3,1,41,14,1,2,1,1,4,2,1,64.2
"1,472",1,18,2,1,28,12,1,1,1,1,2,1,0,27.3
"1,473",1,20,5,4,76,12,1,1,1,1,8,1,0,29.3
"1,474",2,0,5,0,19,11,0,1,1,1,1,2,0,0.0
"1,475",1,17,7,4,46,14,1,2,1,1,2,3,1,66.1
"1,476",2,18,3,2,86,12,1,2,1,1,5,3,0,62.5
"1,477",2,0,2,1,24,12,1,2,1,1,1,1,1,38.4
"1,478",1,19,10,3,38,15,2,2,1,1,2,1,1,59.9
"1,479",1,20,1,2,31,17,3,2,1,1,3,2,1,78.5
"1,480",1,22,1,0,48,12,1,2,1,2,3,2,1,43.5
"1,481",1,19,3,2,29,13,1,2,1,1,1,3,1,96.0
"1,482",3,21,1,2,47,12,1,2,1,2,2,1,0,38.4
"1,483",1,22,1,0,28,17,4,1,1,1,1,4,0,76.4
"1,484",1,24,2,1,28,16,3,1,2,1,3,2,1,80.0
"1,485",2,0,5,0,53,20,4,1,1,2,3,2,0,73.9
"1,486",1,25,3,3,35,17,3,1,1,1,2,1,1,49.6
"1,487",1,22,3,0,25,16,3,1,1,1,1,3,1,0.0
"1,488",1,18,1,0,30,18,3,2,1,2,0,5,1,50.7
